{"payload":{"installed_packages":["absl-py==1.4.0","attrs==22.2.0","brotlipy==0.7.0","cachetools==5.3.0","certifi==2022.12.7","cffi==1.15.1","charset-normalizer==2.1.1","clearml==1.9.3","colorama==0.4.6","comet-ml==3.32.4","configobj==5.0.8","contourpy==1.0.7","cryptography==37.0.4","cycler==0.11.0","dulwich==0.21.3","everett==3.1.0","fonttools==4.39.0","furl==2.1.3","gitdb==4.0.10","gitpython==3.1.31","google-auth-oauthlib==0.4.6","google-auth==2.16.2","grpcio==1.51.3","idna==3.4","imgviz==1.7.2","importlib-metadata==6.0.0","importlib-resources==5.12.0","jsonschema==4.17.3","kiwisolver==1.4.4","labelimg==1.8.6","labelme==5.1.1","lxml==4.9.2","markdown==3.4.1","markupsafe==2.1.2","matplotlib==3.7.1","mss==7.0.1","natsort==8.3.1","numpy==1.23.2","oauthlib==3.2.2","opencv-python==4.7.0.72","orderedmultidict==1.0.1","packaging==23.0","pandas==1.5.3","pathlib2==2.3.7.post1","pillow==9.2.0","pip==23.0.1","pkgutil-resolve-name==1.3.10","protobuf==4.22.1","psutil==5.9.4","pyasn1-modules==0.2.8","pyasn1==0.4.8","pycparser==2.21","pyjwt==2.4.0","pyopenssl==22.0.0","pyparsing==3.0.9","pypiwin32==223","pyqt5-qt5==5.15.2","pyqt5-sip==12.11.1","pyqt5==5.15.9","pyrsistent==0.19.3","pysocks==1.7.1","python-box==6.1.0","python-dateutil==2.8.2","pytz==2022.7.1","pywin32==305","pyyaml==6.0","qtpy==2.3.0","requests-oauthlib==1.3.1","requests-toolbelt==0.10.1","requests==2.28.2","rsa==4.9","scipy==1.10.1","seaborn==0.12.2","semantic-version==2.10.0","sentry-sdk==1.16.0","setuptools==65.6.3","simplejson==3.18.3","six==1.16.0","smmap==5.0.0","tensorboard-data-server==0.7.0","tensorboard-plugin-wit==1.8.1","tensorboard==2.12.0","termcolor==2.2.0","thop==0.1.1.post2209072238","torch==1.12.1","torchaudio==0.12.1","torchvision==0.13.1","tqdm==4.65.0","typing-extensions==4.4.0","urllib3==1.26.14","websocket-client==1.3.3","werkzeug==2.2.3","wheel==0.38.4","win-inet-pton==1.1.0","wincertstore==0.2","wrapt==1.15.0","wurlitzer==3.0.3","zipp==3.15.0"],"local_timestamp":1679106950972},"type":"ws_msg"}
{"payload":{"env_details":{"command":["train.py","--cfg","dxf_yolov5s.yaml","--device","0"],"env":null,"hostname":"DESKTOP-EBHJU3L","ip":"192.168.1.4","machine":"AMD64","os":"Windows-10-10.0.19044-SP0","os_release":"10","os_type":"Windows","pid":47252,"processor":"Intel64 Family 6 Model 151 Stepping 5, GenuineIntel","python_exe":"D:\\Anaconda3\\envs\\yolov5_test\\python.exe","python_version":"3.8.16","python_version_verbose":"3.8.16 (default, Mar  2 2023, 03:18:16) [MSC v.1916 64 bit (AMD64)]","user":"S12"},"local_timestamp":1679106950984},"type":"ws_msg"}
{"payload":{"gpu_static_info":[{"gpu_index":0,"name":"NVIDIA GeForce RTX 3060","power_limit":170000,"total_memory":12884901888,"uuid":"GPU-dfda1428-5596-04db-891d-78db4381a1f7"}],"local_timestamp":1679106951018},"type":"ws_msg"}
{"payload":{"local_timestamp":1679106951021,"metric":{"epoch":null,"metricName":"sys.gpu.0.total_memory","metricValue":12884901888,"step":null}},"type":"metric_msg"}
{"payload":{"local_timestamp":1679106951223,"param":{"paramName":"cfg","paramValue":"dxf_yolov5s.yaml","source":"cli","step":null}},"type":"parameter_msg"}
{"payload":{"local_timestamp":1679106951223,"param":{"paramName":"device","paramValue":0,"source":"cli","step":null}},"type":"parameter_msg"}
{"payload":{"local_timestamp":1679106951229,"metric":{"epoch":null,"metricName":"sys.gpu.0.free_memory","metricValue":12517330944,"step":null}},"type":"metric_msg"}
{"payload":{"local_timestamp":1679106951229,"metric":{"epoch":null,"metricName":"sys.gpu.0.gpu_utilization","metricValue":2,"step":null}},"type":"metric_msg"}
{"payload":{"local_timestamp":1679106951229,"metric":{"epoch":null,"metricName":"sys.gpu.0.power_usage","metricValue":14000,"step":null}},"type":"metric_msg"}
{"payload":{"local_timestamp":1679106951229,"metric":{"epoch":null,"metricName":"sys.gpu.0.temperature","metricValue":37,"step":null}},"type":"metric_msg"}
{"payload":{"local_timestamp":1679106951229,"metric":{"epoch":null,"metricName":"sys.gpu.0.used_memory","metricValue":367570944,"step":null}},"type":"metric_msg"}
{"payload":{"local_timestamp":1679106951229,"metric":{"epoch":null,"metricName":"sys.cpu.percent.avg","metricValue":99.66666666666667,"step":null}},"type":"metric_msg"}
{"payload":{"local_timestamp":1679106951229,"metric":{"epoch":null,"metricName":"sys.cpu.percent.01","metricValue":99.5,"step":null}},"type":"metric_msg"}
{"payload":{"local_timestamp":1679106951229,"metric":{"epoch":null,"metricName":"sys.cpu.percent.02","metricValue":99.5,"step":null}},"type":"metric_msg"}
{"payload":{"local_timestamp":1679106951229,"metric":{"epoch":null,"metricName":"sys.cpu.percent.03","metricValue":100.0,"step":null}},"type":"metric_msg"}
{"payload":{"local_timestamp":1679106951229,"metric":{"epoch":null,"metricName":"sys.cpu.percent.04","metricValue":99.5,"step":null}},"type":"metric_msg"}
{"payload":{"local_timestamp":1679106951229,"metric":{"epoch":null,"metricName":"sys.cpu.percent.05","metricValue":99.5,"step":null}},"type":"metric_msg"}
{"payload":{"local_timestamp":1679106951229,"metric":{"epoch":null,"metricName":"sys.cpu.percent.06","metricValue":99.5,"step":null}},"type":"metric_msg"}
{"payload":{"local_timestamp":1679106951229,"metric":{"epoch":null,"metricName":"sys.cpu.percent.07","metricValue":99.5,"step":null}},"type":"metric_msg"}
{"payload":{"local_timestamp":1679106951229,"metric":{"epoch":null,"metricName":"sys.cpu.percent.08","metricValue":99.5,"step":null}},"type":"metric_msg"}
{"payload":{"local_timestamp":1679106951229,"metric":{"epoch":null,"metricName":"sys.cpu.percent.09","metricValue":100.0,"step":null}},"type":"metric_msg"}
{"payload":{"local_timestamp":1679106951229,"metric":{"epoch":null,"metricName":"sys.cpu.percent.10","metricValue":100.0,"step":null}},"type":"metric_msg"}
{"payload":{"local_timestamp":1679106951229,"metric":{"epoch":null,"metricName":"sys.cpu.percent.11","metricValue":100.0,"step":null}},"type":"metric_msg"}
{"payload":{"local_timestamp":1679106951229,"metric":{"epoch":null,"metricName":"sys.cpu.percent.12","metricValue":99.5,"step":null}},"type":"metric_msg"}
{"payload":{"local_timestamp":1679106951229,"metric":{"epoch":null,"metricName":"sys.load.avg","metricValue":0.0,"step":null}},"type":"metric_msg"}
{"payload":{"local_timestamp":1679106951229,"metric":{"epoch":null,"metricName":"sys.ram.total","metricValue":17014095872,"step":null}},"type":"metric_msg"}
{"payload":{"local_timestamp":1679106951229,"metric":{"epoch":null,"metricName":"sys.ram.used","metricValue":6350925824,"step":null}},"type":"metric_msg"}
{"payload":{"local_timestamp":1679106951230,"log_other":{"key":"offline_experiment","val":true}},"type":"ws_msg"}
{"payload":{"additional_params":{"assetId":"24a001059ac04398a769b5cbd28f5b7e","context":null,"extension":"yaml","fileName":"dxf_data.yaml","overwrite":false,"runId":null,"step":null},"clean":true,"file_path":"tmp6sb83hek","local_timestamp":1679106951233,"metadata":{"type":"data-config-file"},"upload_type":"asset"},"type":"file_upload"}
{"payload":{"local_timestamp":1679106951237,"log_other":{"key":"Created from","val":"YOLOv5"}},"type":"ws_msg"}
{"payload":{"local_timestamp":1679106951237,"param":{"paramName":"artifact_alias","paramValue":"latest","source":"manual","step":null}},"type":"parameter_msg"}
{"payload":{"local_timestamp":1679106951237,"param":{"paramName":"batch_size","paramValue":1,"source":"manual","step":null}},"type":"parameter_msg"}
{"payload":{"local_timestamp":1679106951237,"param":{"paramName":"bbox_interval","paramValue":-1,"source":"manual","step":null}},"type":"parameter_msg"}
{"payload":{"local_timestamp":1679106951237,"param":{"paramName":"bucket","paramValue":"","source":"manual","step":null}},"type":"parameter_msg"}
{"payload":{"local_timestamp":1679106951237,"param":{"paramName":"cache","paramValue":null,"source":"manual","step":null}},"type":"parameter_msg"}
{"payload":{"local_timestamp":1679106951237,"param":{"paramName":"cfg","paramValue":"C:\\Users\\S12\\Desktop\\Yolov5Learn\\yolov5\\models\\dxf_yolov5s.yaml","source":"manual","step":null}},"type":"parameter_msg"}
{"payload":{"local_timestamp":1679106951237,"param":{"paramName":"cos_lr","paramValue":false,"source":"manual","step":null}},"type":"parameter_msg"}
{"payload":{"local_timestamp":1679106951237,"param":{"paramName":"data","paramValue":"data\\dxf_data.yaml","source":"manual","step":null}},"type":"parameter_msg"}
{"payload":{"local_timestamp":1679106951237,"param":{"paramName":"device","paramValue":"0","source":"manual","step":null}},"type":"parameter_msg"}
{"payload":{"local_timestamp":1679106951237,"param":{"paramName":"entity","paramValue":null,"source":"manual","step":null}},"type":"parameter_msg"}
{"payload":{"local_timestamp":1679106951237,"param":{"paramName":"epochs","paramValue":100,"source":"manual","step":null}},"type":"parameter_msg"}
{"payload":{"local_timestamp":1679106951237,"param":{"paramName":"evolve","paramValue":null,"source":"manual","step":null}},"type":"parameter_msg"}
{"payload":{"local_timestamp":1679106951237,"param":{"paramName":"exist_ok","paramValue":false,"source":"manual","step":null}},"type":"parameter_msg"}
{"payload":{"local_timestamp":1679106951237,"params":{"paramName":"freeze","paramValue":[0],"source":"manual","step":null}},"type":"parameter_msg"}
{"payload":{"local_timestamp":1679106951237,"param":{"paramName":"hyp","paramValue":"{\"anchor_t\": 4.0, \"box\": 0.05, \"cls\": 0.5, \"cls_pw\": 1.0, \"copy_paste\": 0.0, \"degrees\": 0.0, \"fl_gamma\": 0.0, \"fliplr\": 0.5, \"flipud\": 0.0, \"hsv_h\": 0.015, \"hsv_s\": 0.7, \"hsv_v\": 0.4, \"iou_t\": 0.2, \"lr0\": 0.01, \"lrf\": 0.01, \"mixup\": 0.0, \"momentum\": 0.937, \"mosaic\": 1.0, \"obj\": 1.0, \"obj_pw\": 1.0, \"perspective\": 0.0, \"scale\": 0.5, \"shear\": 0.0, \"translate\": 0.1, \"warmup_bias_lr\": 0.1, \"warmup_epochs\": 3.0, \"warmup_momentum\": 0.8, \"weight_decay\": 0.0005}","source":"manual","step":null}},"type":"parameter_msg"}
{"payload":{"local_timestamp":1679106951237,"param":{"paramName":"image_weights","paramValue":false,"source":"manual","step":null}},"type":"parameter_msg"}
{"payload":{"local_timestamp":1679106951237,"param":{"paramName":"imgsz","paramValue":640,"source":"manual","step":null}},"type":"parameter_msg"}
{"payload":{"local_timestamp":1679106951237,"param":{"paramName":"label_smoothing","paramValue":0.0,"source":"manual","step":null}},"type":"parameter_msg"}
{"payload":{"local_timestamp":1679106951237,"param":{"paramName":"local_rank","paramValue":-1,"source":"manual","step":null}},"type":"parameter_msg"}
{"payload":{"local_timestamp":1679106951238,"param":{"paramName":"multi_scale","paramValue":false,"source":"manual","step":null}},"type":"parameter_msg"}
{"payload":{"local_timestamp":1679106951238,"param":{"paramName":"name","paramValue":"exp","source":"manual","step":null}},"type":"parameter_msg"}
{"payload":{"local_timestamp":1679106951238,"param":{"paramName":"noautoanchor","paramValue":false,"source":"manual","step":null}},"type":"parameter_msg"}
{"payload":{"local_timestamp":1679106951238,"param":{"paramName":"noplots","paramValue":false,"source":"manual","step":null}},"type":"parameter_msg"}
{"payload":{"local_timestamp":1679106951238,"param":{"paramName":"nosave","paramValue":false,"source":"manual","step":null}},"type":"parameter_msg"}
{"payload":{"local_timestamp":1679106951238,"param":{"paramName":"noval","paramValue":false,"source":"manual","step":null}},"type":"parameter_msg"}
{"payload":{"local_timestamp":1679106951238,"param":{"paramName":"optimizer","paramValue":"SGD","source":"manual","step":null}},"type":"parameter_msg"}
{"payload":{"local_timestamp":1679106951238,"param":{"paramName":"patience","paramValue":100,"source":"manual","step":null}},"type":"parameter_msg"}
{"payload":{"local_timestamp":1679106951238,"param":{"paramName":"project","paramValue":"runs\\train","source":"manual","step":null}},"type":"parameter_msg"}
{"payload":{"local_timestamp":1679106951238,"param":{"paramName":"quad","paramValue":false,"source":"manual","step":null}},"type":"parameter_msg"}
{"payload":{"local_timestamp":1679106951238,"param":{"paramName":"rect","paramValue":false,"source":"manual","step":null}},"type":"parameter_msg"}
{"payload":{"local_timestamp":1679106951238,"param":{"paramName":"resume","paramValue":false,"source":"manual","step":null}},"type":"parameter_msg"}
{"payload":{"local_timestamp":1679106951238,"param":{"paramName":"save_dir","paramValue":"runs\\train\\exp9","source":"manual","step":null}},"type":"parameter_msg"}
{"payload":{"local_timestamp":1679106951238,"param":{"paramName":"save_period","paramValue":-1,"source":"manual","step":null}},"type":"parameter_msg"}
{"payload":{"local_timestamp":1679106951238,"param":{"paramName":"seed","paramValue":0,"source":"manual","step":null}},"type":"parameter_msg"}
{"payload":{"local_timestamp":1679106951238,"param":{"paramName":"single_cls","paramValue":false,"source":"manual","step":null}},"type":"parameter_msg"}
{"payload":{"local_timestamp":1679106951238,"param":{"paramName":"sync_bn","paramValue":false,"source":"manual","step":null}},"type":"parameter_msg"}
{"payload":{"local_timestamp":1679106951238,"param":{"paramName":"upload_dataset","paramValue":false,"source":"manual","step":null}},"type":"parameter_msg"}
{"payload":{"local_timestamp":1679106951238,"param":{"paramName":"weights","paramValue":"yolov5s.pt","source":"manual","step":null}},"type":"parameter_msg"}
{"payload":{"local_timestamp":1679106951238,"param":{"paramName":"workers","paramValue":1,"source":"manual","step":null}},"type":"parameter_msg"}
{"payload":{"local_timestamp":1679106951238,"param":{"paramName":"anchor_t","paramValue":4.0,"source":"manual","step":null}},"type":"parameter_msg"}
{"payload":{"local_timestamp":1679106951238,"param":{"paramName":"box","paramValue":0.05,"source":"manual","step":null}},"type":"parameter_msg"}
{"payload":{"local_timestamp":1679106951238,"param":{"paramName":"cls","paramValue":0.5,"source":"manual","step":null}},"type":"parameter_msg"}
{"payload":{"local_timestamp":1679106951238,"param":{"paramName":"cls_pw","paramValue":1.0,"source":"manual","step":null}},"type":"parameter_msg"}
{"payload":{"local_timestamp":1679106951238,"param":{"paramName":"copy_paste","paramValue":0.0,"source":"manual","step":null}},"type":"parameter_msg"}
{"payload":{"local_timestamp":1679106951238,"param":{"paramName":"degrees","paramValue":0.0,"source":"manual","step":null}},"type":"parameter_msg"}
{"payload":{"local_timestamp":1679106951238,"param":{"paramName":"fl_gamma","paramValue":0.0,"source":"manual","step":null}},"type":"parameter_msg"}
{"payload":{"local_timestamp":1679106951238,"param":{"paramName":"fliplr","paramValue":0.5,"source":"manual","step":null}},"type":"parameter_msg"}
{"payload":{"local_timestamp":1679106951238,"param":{"paramName":"flipud","paramValue":0.0,"source":"manual","step":null}},"type":"parameter_msg"}
{"payload":{"local_timestamp":1679106951238,"param":{"paramName":"hsv_h","paramValue":0.015,"source":"manual","step":null}},"type":"parameter_msg"}
{"payload":{"local_timestamp":1679106951238,"param":{"paramName":"hsv_s","paramValue":0.7,"source":"manual","step":null}},"type":"parameter_msg"}
{"payload":{"local_timestamp":1679106951238,"param":{"paramName":"hsv_v","paramValue":0.4,"source":"manual","step":null}},"type":"parameter_msg"}
{"payload":{"local_timestamp":1679106951238,"param":{"paramName":"iou_t","paramValue":0.2,"source":"manual","step":null}},"type":"parameter_msg"}
{"payload":{"local_timestamp":1679106951238,"param":{"paramName":"lr0","paramValue":0.01,"source":"manual","step":null}},"type":"parameter_msg"}
{"payload":{"local_timestamp":1679106951238,"param":{"paramName":"lrf","paramValue":0.01,"source":"manual","step":null}},"type":"parameter_msg"}
{"payload":{"local_timestamp":1679106951238,"param":{"paramName":"mixup","paramValue":0.0,"source":"manual","step":null}},"type":"parameter_msg"}
{"payload":{"local_timestamp":1679106951238,"param":{"paramName":"momentum","paramValue":0.937,"source":"manual","step":null}},"type":"parameter_msg"}
{"payload":{"local_timestamp":1679106951238,"param":{"paramName":"mosaic","paramValue":1.0,"source":"manual","step":null}},"type":"parameter_msg"}
{"payload":{"local_timestamp":1679106951238,"param":{"paramName":"obj","paramValue":1.0,"source":"manual","step":null}},"type":"parameter_msg"}
{"payload":{"local_timestamp":1679106951238,"param":{"paramName":"obj_pw","paramValue":1.0,"source":"manual","step":null}},"type":"parameter_msg"}
{"payload":{"local_timestamp":1679106951238,"param":{"paramName":"perspective","paramValue":0.0,"source":"manual","step":null}},"type":"parameter_msg"}
{"payload":{"local_timestamp":1679106951238,"param":{"paramName":"scale","paramValue":0.5,"source":"manual","step":null}},"type":"parameter_msg"}
{"payload":{"local_timestamp":1679106951238,"param":{"paramName":"shear","paramValue":0.0,"source":"manual","step":null}},"type":"parameter_msg"}
{"payload":{"local_timestamp":1679106951238,"param":{"paramName":"translate","paramValue":0.1,"source":"manual","step":null}},"type":"parameter_msg"}
{"payload":{"local_timestamp":1679106951238,"param":{"paramName":"warmup_bias_lr","paramValue":0.1,"source":"manual","step":null}},"type":"parameter_msg"}
{"payload":{"local_timestamp":1679106951238,"param":{"paramName":"warmup_epochs","paramValue":3.0,"source":"manual","step":null}},"type":"parameter_msg"}
{"payload":{"local_timestamp":1679106951238,"param":{"paramName":"warmup_momentum","paramValue":0.8,"source":"manual","step":null}},"type":"parameter_msg"}
{"payload":{"local_timestamp":1679106951238,"param":{"paramName":"weight_decay","paramValue":0.0005,"source":"manual","step":null}},"type":"parameter_msg"}
{"payload":{"additional_params":{"assetId":"a9846160e0b64942b3d8ec155c1ec524","context":null,"epoch":null,"extension":"json","fileName":"hyperparameters.json","overwrite":false,"runId":null,"step":null},"clean":true,"file_path":"tmpg4zbm5rg","local_timestamp":1679106951286,"metadata":{"type":"hyp-config-file"},"upload_type":"asset"},"type":"file_upload"}
{"payload":{"additional_params":{"assetId":"4a4e403548464ed38d1e80a26f5983e4","context":null,"extension":"yaml","fileName":"opt.yaml","overwrite":false,"runId":null,"step":null},"clean":true,"file_path":"tmp3r1m48iv","local_timestamp":1679106951240,"metadata":{"type":"opt-config-file"},"upload_type":"asset"},"type":"file_upload"}
{"payload":{"local_timestamp":1679106951240,"param":{"paramName":"val_conf_threshold","paramValue":0.001,"source":"manual","step":null}},"type":"parameter_msg"}
{"payload":{"local_timestamp":1679106951241,"param":{"paramName":"val_iou_threshold","paramValue":0.6,"source":"manual","step":null}},"type":"parameter_msg"}
{"payload":{"local_timestamp":1679106951241,"log_other":{"key":"comet_mode","val":"online"}},"type":"ws_msg"}
{"payload":{"local_timestamp":1679106951241,"log_other":{"key":"comet_max_image_uploads","val":100}},"type":"ws_msg"}
{"payload":{"local_timestamp":1679106951241,"log_other":{"key":"comet_log_per_class_metrics","val":false}},"type":"ws_msg"}
{"payload":{"local_timestamp":1679106951241,"log_other":{"key":"comet_log_batch_metrics","val":false}},"type":"ws_msg"}
{"payload":{"local_timestamp":1679106951241,"log_other":{"key":"comet_log_confusion_matrix","val":true}},"type":"ws_msg"}
{"payload":{"local_timestamp":1679106951241,"log_other":{"key":"comet_model_name","val":"yolov5"}},"type":"ws_msg"}
{"payload":{"local_timestamp":1679106951291,"stderr":true,"stdout":"\n                 from  n    params  module                                  arguments                     \n"},"type":"ws_msg"}
{"payload":{"local_timestamp":1679106951296,"stderr":true,"stdout":"  0                -1  1      3520  models.common.Conv                      [3, 32, 6, 2, 2]              \n"},"type":"ws_msg"}
{"payload":{"local_timestamp":1679106951297,"stderr":true,"stdout":"  1                -1  1     18560  models.common.Conv                      [32, 64, 3, 2]                \n"},"type":"ws_msg"}
{"payload":{"local_timestamp":1679106951299,"stderr":true,"stdout":"  2                -1  1     18816  models.common.C3                        [64, 64, 1]                   \n"},"type":"ws_msg"}
{"payload":{"local_timestamp":1679106951300,"stderr":true,"stdout":"  3                -1  1     73984  models.common.Conv                      [64, 128, 3, 2]               \n"},"type":"ws_msg"}
{"payload":{"local_timestamp":1679106951304,"stderr":true,"stdout":"  4                -1  2    115712  models.common.C3                        [128, 128, 2]                 \n"},"type":"ws_msg"}
{"payload":{"local_timestamp":1679106951310,"stderr":true,"stdout":"  5                -1  1    295424  models.common.Conv                      [128, 256, 3, 2]              \n"},"type":"ws_msg"}
{"payload":{"local_timestamp":1679106951318,"stderr":true,"stdout":"  6                -1  3    625152  models.common.C3                        [256, 256, 3]                 \n"},"type":"ws_msg"}
{"payload":{"local_timestamp":1679106951338,"stderr":true,"stdout":"  7                -1  1   1180672  models.common.Conv                      [256, 512, 3, 2]              \n"},"type":"ws_msg"}
{"payload":{"local_timestamp":1679106951397,"stderr":true,"stdout":"  8                -1  1   1182720  models.common.C3                        [512, 512, 1]                 \n"},"type":"ws_msg"}
{"payload":{"local_timestamp":1679106951414,"stderr":true,"stdout":"  9                -1  1    656896  models.common.SPPF                      [512, 512, 5]                 \n"},"type":"ws_msg"}
{"payload":{"local_timestamp":1679106951415,"stderr":true,"stdout":" 10                -1  1    131584  models.common.Conv                      [512, 256, 1, 1]              \n"},"type":"ws_msg"}
{"payload":{"local_timestamp":1679106951416,"stderr":true,"stdout":" 11                -1  1         0  torch.nn.modules.upsampling.Upsample    [None, 2, 'nearest']          \n"},"type":"ws_msg"}
{"payload":{"local_timestamp":1679106951416,"stderr":true,"stdout":" 12           [-1, 6]  1         0  models.common.Concat                    [1]                           \n"},"type":"ws_msg"}
{"payload":{"local_timestamp":1679106951434,"stderr":true,"stdout":" 13                -1  1    361984  models.common.C3                        [512, 256, 1, False]          \n"},"type":"ws_msg"}
{"payload":{"local_timestamp":1679106951450,"stderr":true,"stdout":" 14                -1  1     33024  models.common.Conv                      [256, 128, 1, 1]              \n"},"type":"ws_msg"}
{"payload":{"local_timestamp":1679106951452,"stderr":true,"stdout":" 15                -1  1         0  torch.nn.modules.upsampling.Upsample    [None, 2, 'nearest']          \n"},"type":"ws_msg"}
{"payload":{"local_timestamp":1679106951456,"stderr":true,"stdout":" 16           [-1, 4]  1         0  models.common.Concat                    [1]                           \n"},"type":"ws_msg"}
{"payload":{"local_timestamp":1679106951459,"stderr":true,"stdout":" 17                -1  1     90880  models.common.C3                        [256, 128, 1, False]          \n"},"type":"ws_msg"}
{"payload":{"local_timestamp":1679106951461,"stderr":true,"stdout":" 18                -1  1    147712  models.common.Conv                      [128, 128, 3, 2]              \n"},"type":"ws_msg"}
{"payload":{"local_timestamp":1679106951461,"stderr":true,"stdout":" 19          [-1, 14]  1         0  models.common.Concat                    [1]                           \n"},"type":"ws_msg"}
{"payload":{"local_timestamp":1679106951466,"stderr":true,"stdout":" 20                -1  1    296448  models.common.C3                        [256, 256, 1, False]          \n"},"type":"ws_msg"}
{"payload":{"local_timestamp":1679106951471,"stderr":true,"stdout":" 21                -1  1    590336  models.common.Conv                      [256, 256, 3, 2]              \n"},"type":"ws_msg"}
{"payload":{"local_timestamp":1679106951472,"stderr":true,"stdout":" 22          [-1, 10]  1         0  models.common.Concat                    [1]                           \n"},"type":"ws_msg"}
{"payload":{"local_timestamp":1679106951484,"stderr":true,"stdout":" 23                -1  1   1182720  models.common.C3                        [512, 512, 1, False]          \n"},"type":"ws_msg"}
{"payload":{"local_timestamp":1679106951499,"stderr":true,"stdout":" 24      [17, 20, 23]  1     26970  models.yolo.Detect                      [5, [[10, 13, 16, 30, 33, 23], [30, 61, 62, 45, 59, 119], [116, 90, 156, 198, 373, 326]], [128, 256, 512]]\n"},"type":"ws_msg"}
{"payload":{"additional_params":{"assetId":"849b28a6cee540e19d58151329d6fbac","context":null,"epoch":null,"extension":"yml","fileName":"conda-environment.yml","overwrite":false,"runId":null,"step":null,"type":"conda-environment-definition"},"clean":true,"file_path":"tmpz7q63g5c","local_timestamp":1679106955087,"metadata":{},"upload_type":"conda-environment-definition"},"type":"file_upload"}
{"payload":{"local_timestamp":1679106955699,"stderr":true,"stdout":"dxf_YOLOv5s summary: 214 layers, 7033114 parameters, 7033114 gradients, 16.0 GFLOPs\n"},"type":"ws_msg"}
{"payload":{"local_timestamp":1679106955711,"stderr":true,"stdout":"\n"},"type":"ws_msg"}
{"payload":{"additional_params":{"assetId":"b100b3efb7bb40a099754ef121a495cb","context":null,"epoch":null,"extension":"txt","fileName":"conda-spec.txt","overwrite":false,"runId":null,"step":null,"type":"conda-specification"},"clean":true,"file_path":"tmpbw8vzd8r","local_timestamp":1679106956367,"metadata":{},"upload_type":"conda-specification"},"type":"file_upload"}
{"payload":{"local_timestamp":1679106956561,"stderr":true,"stdout":"Transferred 342/349 items from yolov5s.pt\n"},"type":"ws_msg"}
{"payload":{"additional_params":{"assetId":"f5f3a4cd9ea048acb8bc1c0f02a76a78","context":null,"epoch":null,"extension":"yml","fileName":"conda-info.yml","overwrite":false,"runId":null,"step":null,"type":"conda-info"},"clean":true,"file_path":"tmp4ye2p3pa","local_timestamp":1679106957082,"metadata":{},"upload_type":"conda-info"},"type":"file_upload"}
{"payload":{"local_timestamp":1679106961059,"stderr":true,"stdout":"\u001b[34m\u001b[1mAMP: \u001b[0mchecks failed , disabling Automatic Mixed Precision. See https://github.com/ultralytics/yolov5/issues/7908\n"},"type":"ws_msg"}
{"payload":{"local_timestamp":1679106961062,"stderr":true,"stdout":"\u001b[34m\u001b[1moptimizer:\u001b[0m SGD(lr=0.01) with parameter groups 57 weight(decay=0.0), 60 weight(decay=0.0005), 60 bias\n"},"type":"ws_msg"}
{"payload":{"local_timestamp":1679106961242,"stderr":true,"stdout":"\r\u001b[34m\u001b[1mtrain: \u001b[0mScanning C:\\Users\\S12\\Desktop\\Yolov5Learn\\yolov5\\det_dxf\\labels\\train...:   0%|          | 0/196 [00:00<?, ?it/s]\u001b[0m"},"type":"ws_msg"}
{"payload":{"local_timestamp":1679106972748,"stderr":true,"stdout":"\r\u001b[34m\u001b[1mtrain: \u001b[0mScanning C:\\Users\\S12\\Desktop\\Yolov5Learn\\yolov5\\det_dxf\\labels\\train... 0 images, 0 backgrounds, 1 corrupt:   1%|          | 1/196 [00:11<37:21, 11.49s/it]\u001b[0m"},"type":"ws_msg"}
{"payload":{"local_timestamp":1679106972852,"stderr":true,"stdout":"\r\u001b[34m\u001b[1mtrain: \u001b[0mScanning C:\\Users\\S12\\Desktop\\Yolov5Learn\\yolov5\\det_dxf\\labels\\train... 61 images, 1 backgrounds, 1 corrupt:  32%|\u2588\u2588\u2588\u258f      | 63/196 [00:11<00:17,  7.69it/s]\u001b[0m"},"type":"ws_msg"}
{"payload":{"local_timestamp":1679106972955,"stderr":true,"stdout":"\r\u001b[34m\u001b[1mtrain: \u001b[0mScanning C:\\Users\\S12\\Desktop\\Yolov5Learn\\yolov5\\det_dxf\\labels\\train... 116 images, 1 backgrounds, 1 corrupt:  60%|\u2588\u2588\u2588\u2588\u2588\u2588    | 118/196 [00:11<00:04, 17.00it/s]\u001b[0m"},"type":"ws_msg"}
{"payload":{"local_timestamp":1679106973073,"stderr":true,"stdout":"\r\u001b[34m\u001b[1mtrain: \u001b[0mScanning C:\\Users\\S12\\Desktop\\Yolov5Learn\\yolov5\\det_dxf\\labels\\train... 194 images, 1 backgrounds, 1 corrupt: 100%|\u2588\u2588\u2588\u2588\u2588\u2588\u2588\u2588\u2588\u2588| 196/196 [00:11<00:00, 16.61it/s]\u001b[0m"},"type":"ws_msg"}
{"payload":{"local_timestamp":1679106973074,"stderr":true,"stdout":"\n"},"type":"ws_msg"}
{"payload":{"local_timestamp":1679106973313,"stderr":true,"stdout":"\u001b[34m\u001b[1mtrain: \u001b[0mWARNING  C:\\Users\\S12\\Desktop\\Yolov5Learn\\yolov5\\det_dxf\\images\\train\\1.jpg: ignoring corrupt image/label: \n"},"type":"ws_msg"}
{"payload":{"local_timestamp":1679106973380,"stderr":true,"stdout":"\u001b[34m\u001b[1mtrain: \u001b[0mNew cache created: C:\\Users\\S12\\Desktop\\Yolov5Learn\\yolov5\\det_dxf\\labels\\train.cache\n"},"type":"ws_msg"}
{"payload":{"local_timestamp":1679106973503,"stderr":true,"stdout":"\r\u001b[34m\u001b[1mval: \u001b[0mScanning C:\\Users\\S12\\Desktop\\Yolov5Learn\\yolov5\\det_dxf\\labels\\val...:   0%|          | 0/196 [00:00<?, ?it/s]\u001b[0m"},"type":"ws_msg"}
{"payload":{"local_timestamp":1679106989381,"stderr":true,"stdout":"\r\u001b[34m\u001b[1mval: \u001b[0mScanning C:\\Users\\S12\\Desktop\\Yolov5Learn\\yolov5\\det_dxf\\labels\\val...:   0%|          | 0/196 [00:15<?, ?it/s]\u001b[0m"},"type":"ws_msg"}
{"payload":{"local_timestamp":1679106989381,"stderr":true,"stdout":"\n"},"type":"ws_msg"}
{"payload":{"local_timestamp":1679106989417,"stderr":true,"stdout":"Traceback (most recent call last):\n"},"type":"ws_msg"}
{"payload":{"local_timestamp":1679106989417,"stderr":true,"stdout":"  File \"C:\\Users\\S12\\Desktop\\Yolov5Learn\\yolov5\\utils\\dataloaders.py\", line 489, in __init__\n"},"type":"ws_msg"}
{"payload":{"local_timestamp":1679106989417,"stderr":true,"stdout":"    "},"type":"ws_msg"}
{"payload":{"local_timestamp":1679106989417,"stderr":true,"stdout":"cache, exists = np.load(cache_path, allow_pickle=True).item(), True  # load dict"},"type":"ws_msg"}
{"payload":{"local_timestamp":1679106989418,"stderr":true,"stdout":"\n"},"type":"ws_msg"}
{"payload":{"local_timestamp":1679106989418,"stderr":true,"stdout":"  File \"D:\\Anaconda3\\envs\\yolov5_test\\lib\\site-packages\\numpy\\lib\\npyio.py\", line 390, in load\n"},"type":"ws_msg"}
{"payload":{"local_timestamp":1679106989418,"stderr":true,"stdout":"    "},"type":"ws_msg"}
{"payload":{"local_timestamp":1679106989418,"stderr":true,"stdout":"fid = stack.enter_context(open(os_fspath(file), \"rb\"))"},"type":"ws_msg"}
{"payload":{"local_timestamp":1679106989418,"stderr":true,"stdout":"\n"},"type":"ws_msg"}
{"payload":{"local_timestamp":1679106989418,"stderr":true,"stdout":"FileNotFoundError"},"type":"ws_msg"}
{"payload":{"local_timestamp":1679106989418,"stderr":true,"stdout":": "},"type":"ws_msg"}
{"payload":{"local_timestamp":1679106989418,"stderr":true,"stdout":"[Errno 2] No such file or directory: 'C:\\\\Users\\\\S12\\\\Desktop\\\\Yolov5Learn\\\\yolov5\\\\det_dxf\\\\labels\\\\val.cache'"},"type":"ws_msg"}
{"payload":{"local_timestamp":1679106989418,"stderr":true,"stdout":"\n"},"type":"ws_msg"}
{"payload":{"local_timestamp":1679106989418,"stderr":true,"stdout":"\nDuring handling of the above exception, another exception occurred:\n\n"},"type":"ws_msg"}
{"payload":{"local_timestamp":1679106989419,"stderr":true,"stdout":"Traceback (most recent call last):\n"},"type":"ws_msg"}
{"payload":{"local_timestamp":1679106989419,"stderr":true,"stdout":"  File \"D:\\Anaconda3\\envs\\yolov5_test\\lib\\multiprocessing\\pool.py\", line 851, in next\n"},"type":"ws_msg"}
{"payload":{"local_timestamp":1679106989419,"stderr":true,"stdout":"    "},"type":"ws_msg"}
{"payload":{"local_timestamp":1679106989419,"stderr":true,"stdout":"item = self._items.popleft()"},"type":"ws_msg"}
{"payload":{"local_timestamp":1679106989419,"stderr":true,"stdout":"\n"},"type":"ws_msg"}
{"payload":{"local_timestamp":1679106989419,"stderr":true,"stdout":"IndexError"},"type":"ws_msg"}
{"payload":{"local_timestamp":1679106989419,"stderr":true,"stdout":": "},"type":"ws_msg"}
{"payload":{"local_timestamp":1679106989419,"stderr":true,"stdout":"pop from an empty deque"},"type":"ws_msg"}
{"payload":{"local_timestamp":1679106989419,"stderr":true,"stdout":"\n"},"type":"ws_msg"}
{"payload":{"local_timestamp":1679106989419,"stderr":true,"stdout":"\nDuring handling of the above exception, another exception occurred:\n\n"},"type":"ws_msg"}
{"payload":{"local_timestamp":1679106989419,"stderr":true,"stdout":"Traceback (most recent call last):\n"},"type":"ws_msg"}
{"payload":{"local_timestamp":1679106989419,"stderr":true,"stdout":"  File \"train.py\", line 641, in <module>\n"},"type":"ws_msg"}
{"payload":{"local_timestamp":1679106989420,"stderr":true,"stdout":"    "},"type":"ws_msg"}
{"payload":{"local_timestamp":1679106989420,"stderr":true,"stdout":"main(opt)"},"type":"ws_msg"}
{"payload":{"local_timestamp":1679106989420,"stderr":true,"stdout":"\n"},"type":"ws_msg"}
{"payload":{"local_timestamp":1679106989420,"stderr":true,"stdout":"  File \"train.py\", line 530, in main\n"},"type":"ws_msg"}
{"payload":{"local_timestamp":1679106989420,"stderr":true,"stdout":"    "},"type":"ws_msg"}
{"payload":{"local_timestamp":1679106989420,"stderr":true,"stdout":"train(opt.hyp, opt, device, callbacks)"},"type":"ws_msg"}
{"payload":{"local_timestamp":1679106989420,"stderr":true,"stdout":"\n"},"type":"ws_msg"}
{"payload":{"local_timestamp":1679106989420,"stderr":true,"stdout":"  File \"train.py\", line 211, in train\n"},"type":"ws_msg"}
{"payload":{"local_timestamp":1679106989420,"stderr":true,"stdout":"    "},"type":"ws_msg"}
{"payload":{"local_timestamp":1679106989420,"stderr":true,"stdout":"val_loader = create_dataloader(val_path,"},"type":"ws_msg"}
{"payload":{"local_timestamp":1679106989421,"stderr":true,"stdout":"\n"},"type":"ws_msg"}
{"payload":{"local_timestamp":1679106989421,"stderr":true,"stdout":"  File \"C:\\Users\\S12\\Desktop\\Yolov5Learn\\yolov5\\utils\\dataloaders.py\", line 124, in create_dataloader\n"},"type":"ws_msg"}
{"payload":{"local_timestamp":1679106989421,"stderr":true,"stdout":"    "},"type":"ws_msg"}
{"payload":{"local_timestamp":1679106989421,"stderr":true,"stdout":"dataset = LoadImagesAndLabels("},"type":"ws_msg"}
{"payload":{"local_timestamp":1679106989421,"stderr":true,"stdout":"\n"},"type":"ws_msg"}
{"payload":{"local_timestamp":1679106989421,"stderr":true,"stdout":"  File \"C:\\Users\\S12\\Desktop\\Yolov5Learn\\yolov5\\utils\\dataloaders.py\", line 493, in __init__\n"},"type":"ws_msg"}
{"payload":{"local_timestamp":1679106989421,"stderr":true,"stdout":"    "},"type":"ws_msg"}
{"payload":{"local_timestamp":1679106989421,"stderr":true,"stdout":"cache, exists = self.cache_labels(cache_path, prefix), False  # run cache ops"},"type":"ws_msg"}
{"payload":{"local_timestamp":1679106989421,"stderr":true,"stdout":"\n"},"type":"ws_msg"}
{"payload":{"local_timestamp":1679106989422,"stderr":true,"stdout":"  File \"C:\\Users\\S12\\Desktop\\Yolov5Learn\\yolov5\\utils\\dataloaders.py\", line 616, in cache_labels\n"},"type":"ws_msg"}
{"payload":{"local_timestamp":1679106989422,"stderr":true,"stdout":"    "},"type":"ws_msg"}
{"payload":{"local_timestamp":1679106989422,"stderr":true,"stdout":"for im_file, lb, shape, segments, nm_f, nf_f, ne_f, nc_f, msg in pbar:"},"type":"ws_msg"}
{"payload":{"local_timestamp":1679106989422,"stderr":true,"stdout":"\n"},"type":"ws_msg"}
{"payload":{"local_timestamp":1679106989422,"stderr":true,"stdout":"  File \"D:\\Anaconda3\\envs\\yolov5_test\\lib\\site-packages\\tqdm\\std.py\", line 1178, in __iter__\n"},"type":"ws_msg"}
{"payload":{"local_timestamp":1679106989422,"stderr":true,"stdout":"    "},"type":"ws_msg"}
{"payload":{"local_timestamp":1679106989422,"stderr":true,"stdout":"for obj in iterable:"},"type":"ws_msg"}
{"payload":{"local_timestamp":1679106989422,"stderr":true,"stdout":"\n"},"type":"ws_msg"}
{"payload":{"local_timestamp":1679106989422,"stderr":true,"stdout":"  File \"D:\\Anaconda3\\envs\\yolov5_test\\lib\\multiprocessing\\pool.py\", line 856, in next\n"},"type":"ws_msg"}
{"payload":{"local_timestamp":1679106989423,"stderr":true,"stdout":"    "},"type":"ws_msg"}
{"payload":{"local_timestamp":1679106989423,"stderr":true,"stdout":"self._cond.wait(timeout)"},"type":"ws_msg"}
{"payload":{"local_timestamp":1679106989423,"stderr":true,"stdout":"\n"},"type":"ws_msg"}
{"payload":{"local_timestamp":1679106989423,"stderr":true,"stdout":"  File \"D:\\Anaconda3\\envs\\yolov5_test\\lib\\threading.py\", line 302, in wait\n"},"type":"ws_msg"}
{"payload":{"local_timestamp":1679106989423,"stderr":true,"stdout":"    "},"type":"ws_msg"}
{"payload":{"local_timestamp":1679106989423,"stderr":true,"stdout":"waiter.acquire()"},"type":"ws_msg"}
{"payload":{"local_timestamp":1679106989423,"stderr":true,"stdout":"\n"},"type":"ws_msg"}
{"payload":{"local_timestamp":1679106989423,"stderr":true,"stdout":"KeyboardInterrupt"},"type":"ws_msg"}
{"payload":{"local_timestamp":1679106989423,"stderr":true,"stdout":"\n"},"type":"ws_msg"}
{"payload":{"local_timestamp":1679106989425,"stderr":true,"stdout":"COMET INFO: ---------------------------------------------------------------------------------------\n"},"type":"ws_msg"}
{"payload":{"local_timestamp":1679106989425,"stderr":true,"stdout":"COMET INFO: Comet.ml OfflineExperiment Summary\n"},"type":"ws_msg"}
{"payload":{"local_timestamp":1679106989425,"stderr":true,"stdout":"COMET INFO: ---------------------------------------------------------------------------------------\n"},"type":"ws_msg"}
{"payload":{"local_timestamp":1679106989425,"stderr":true,"stdout":"COMET INFO:   Data:\n"},"type":"ws_msg"}
{"payload":{"local_timestamp":1679106989425,"stderr":true,"stdout":"COMET INFO:     display_summary_level : 1\n"},"type":"ws_msg"}
{"payload":{"local_timestamp":1679106989425,"stderr":true,"stdout":"COMET INFO:     url                   : [OfflineExperiment will get URL after upload]\n"},"type":"ws_msg"}
{"payload":{"local_timestamp":1679106989425,"stderr":true,"stdout":"COMET INFO:   Others:\n"},"type":"ws_msg"}
{"payload":{"local_timestamp":1679106989425,"stderr":true,"stdout":"COMET INFO:     Created from                : YOLOv5\n"},"type":"ws_msg"}
{"payload":{"local_timestamp":1679106989425,"stderr":true,"stdout":"COMET INFO:     comet_log_batch_metrics     : False\n"},"type":"ws_msg"}
{"payload":{"local_timestamp":1679106989426,"stderr":true,"stdout":"COMET INFO:     comet_log_confusion_matrix  : True\n"},"type":"ws_msg"}
{"payload":{"local_timestamp":1679106989426,"stderr":true,"stdout":"COMET INFO:     comet_log_per_class_metrics : False\n"},"type":"ws_msg"}
{"payload":{"local_timestamp":1679106989426,"stderr":true,"stdout":"COMET INFO:     comet_max_image_uploads     : 100\n"},"type":"ws_msg"}
{"payload":{"local_timestamp":1679106989426,"stderr":true,"stdout":"COMET INFO:     comet_mode                  : online\n"},"type":"ws_msg"}
{"payload":{"local_timestamp":1679106989426,"stderr":true,"stdout":"COMET INFO:     comet_model_name            : yolov5\n"},"type":"ws_msg"}
{"payload":{"local_timestamp":1679106989426,"stderr":true,"stdout":"COMET INFO:     offline_experiment          : True\n"},"type":"ws_msg"}
{"payload":{"local_timestamp":1679106989426,"stderr":true,"stdout":"COMET INFO:   Parameters:\n"},"type":"ws_msg"}
{"payload":{"local_timestamp":1679106989426,"stderr":true,"stdout":"COMET INFO:     anchor_t           : 4.0\n"},"type":"ws_msg"}
{"payload":{"local_timestamp":1679106989426,"stderr":true,"stdout":"COMET INFO:     artifact_alias     : latest\n"},"type":"ws_msg"}
{"payload":{"local_timestamp":1679106989426,"stderr":true,"stdout":"COMET INFO:     batch_size         : 1\n"},"type":"ws_msg"}
{"payload":{"local_timestamp":1679106989427,"stderr":true,"stdout":"COMET INFO:     bbox_interval      : -1\n"},"type":"ws_msg"}
{"payload":{"local_timestamp":1679106989427,"stderr":true,"stdout":"COMET INFO:     box                : 0.05\n"},"type":"ws_msg"}
{"payload":{"local_timestamp":1679106989427,"stderr":true,"stdout":"COMET INFO:     bucket             : \n"},"type":"ws_msg"}
{"payload":{"local_timestamp":1679106989427,"stderr":true,"stdout":"COMET INFO:     cache              : 1\n"},"type":"ws_msg"}
{"payload":{"local_timestamp":1679106989427,"stderr":true,"stdout":"COMET INFO:     cls                : 0.5\n"},"type":"ws_msg"}
{"payload":{"local_timestamp":1679106989427,"stderr":true,"stdout":"COMET INFO:     cls_pw             : 1.0\n"},"type":"ws_msg"}
{"payload":{"local_timestamp":1679106989427,"stderr":true,"stdout":"COMET INFO:     copy_paste         : 0.0\n"},"type":"ws_msg"}
{"payload":{"local_timestamp":1679106989427,"stderr":true,"stdout":"COMET INFO:     cos_lr             : False\n"},"type":"ws_msg"}
{"payload":{"local_timestamp":1679106989427,"stderr":true,"stdout":"COMET INFO:     data               : data\\dxf_data.yaml\n"},"type":"ws_msg"}
{"payload":{"local_timestamp":1679106989427,"stderr":true,"stdout":"COMET INFO:     degrees            : 0.0\n"},"type":"ws_msg"}
{"payload":{"local_timestamp":1679106989427,"stderr":true,"stdout":"COMET INFO:     entity             : 1\n"},"type":"ws_msg"}
{"payload":{"local_timestamp":1679106989428,"stderr":true,"stdout":"COMET INFO:     epochs             : 100\n"},"type":"ws_msg"}
{"payload":{"local_timestamp":1679106989428,"stderr":true,"stdout":"COMET INFO:     evolve             : 1\n"},"type":"ws_msg"}
{"payload":{"local_timestamp":1679106989428,"stderr":true,"stdout":"COMET INFO:     exist_ok           : False\n"},"type":"ws_msg"}
{"payload":{"local_timestamp":1679106989428,"stderr":true,"stdout":"COMET INFO:     fl_gamma           : 0.0\n"},"type":"ws_msg"}
{"payload":{"local_timestamp":1679106989428,"stderr":true,"stdout":"COMET INFO:     fliplr             : 0.5\n"},"type":"ws_msg"}
{"payload":{"local_timestamp":1679106989428,"stderr":true,"stdout":"COMET INFO:     flipud             : 0.0\n"},"type":"ws_msg"}
{"payload":{"local_timestamp":1679106989428,"stderr":true,"stdout":"COMET INFO:     freeze             : [0]\n"},"type":"ws_msg"}
{"payload":{"local_timestamp":1679106989428,"stderr":true,"stdout":"COMET INFO:     hsv_h              : 0.015\n"},"type":"ws_msg"}
{"payload":{"local_timestamp":1679106989428,"stderr":true,"stdout":"COMET INFO:     hsv_s              : 0.7\n"},"type":"ws_msg"}
{"payload":{"local_timestamp":1679106989428,"stderr":true,"stdout":"COMET INFO:     hsv_v              : 0.4\n"},"type":"ws_msg"}
{"payload":{"local_timestamp":1679106989428,"stderr":true,"stdout":"COMET INFO:     hyp                : {\"anchor_t\": 4.0, \"box\": 0.05, \"cls\": 0.5, \"cls_pw\": 1.0, \"copy_paste\": 0.0, \"degrees\": 0.0, \"fl_gamma\": 0.0, \"fliplr\": 0.5, \"flipud\": 0.0, \"hsv_h\": 0.015, \"hsv_s\": 0.7, \"hsv_v\": 0.4, \"iou_t\": 0.2, \"lr0\": 0.01, \"lrf\": 0.01, \"mixup\": 0.0, \"momentum\": 0.937, \"mosaic\": 1.0, \"obj\": 1.0, \"obj_pw\": 1.0, \"perspective\": 0.0, \"scale\": 0.5, \"shear\": 0.0, \"translate\": 0.1, \"warmup_bias_lr\": 0.1, \"warmup_epochs\": 3.0, \"warmup_momentum\": 0.8, \"weight_decay\": 0.0005}\n"},"type":"ws_msg"}
{"payload":{"local_timestamp":1679106989429,"stderr":true,"stdout":"COMET INFO:     image_weights      : False\n"},"type":"ws_msg"}
{"payload":{"local_timestamp":1679106989429,"stderr":true,"stdout":"COMET INFO:     imgsz              : 640\n"},"type":"ws_msg"}
{"payload":{"local_timestamp":1679106989429,"stderr":true,"stdout":"COMET INFO:     iou_t              : 0.2\n"},"type":"ws_msg"}
{"payload":{"local_timestamp":1679106989429,"stderr":true,"stdout":"COMET INFO:     label_smoothing    : 0.0\n"},"type":"ws_msg"}
{"payload":{"local_timestamp":1679106989429,"stderr":true,"stdout":"COMET INFO:     local_rank         : -1\n"},"type":"ws_msg"}
{"payload":{"local_timestamp":1679106989429,"stderr":true,"stdout":"COMET INFO:     lr0                : 0.01\n"},"type":"ws_msg"}
{"payload":{"local_timestamp":1679106989429,"stderr":true,"stdout":"COMET INFO:     lrf                : 0.01\n"},"type":"ws_msg"}
{"payload":{"local_timestamp":1679106989429,"stderr":true,"stdout":"COMET INFO:     mixup              : 0.0\n"},"type":"ws_msg"}
{"payload":{"local_timestamp":1679106989429,"stderr":true,"stdout":"COMET INFO:     momentum           : 0.937\n"},"type":"ws_msg"}
{"payload":{"local_timestamp":1679106989429,"stderr":true,"stdout":"COMET INFO:     mosaic             : 1.0\n"},"type":"ws_msg"}
{"payload":{"local_timestamp":1679106989429,"stderr":true,"stdout":"COMET INFO:     multi_scale        : False\n"},"type":"ws_msg"}
{"payload":{"local_timestamp":1679106989429,"stderr":true,"stdout":"COMET INFO:     name               : exp\n"},"type":"ws_msg"}
{"payload":{"local_timestamp":1679106989429,"stderr":true,"stdout":"COMET INFO:     noautoanchor       : False\n"},"type":"ws_msg"}
{"payload":{"local_timestamp":1679106989430,"stderr":true,"stdout":"COMET INFO:     noplots            : False\n"},"type":"ws_msg"}
{"payload":{"local_timestamp":1679106989430,"stderr":true,"stdout":"COMET INFO:     nosave             : False\n"},"type":"ws_msg"}
{"payload":{"local_timestamp":1679106989430,"stderr":true,"stdout":"COMET INFO:     noval              : False\n"},"type":"ws_msg"}
{"payload":{"local_timestamp":1679106989430,"stderr":true,"stdout":"COMET INFO:     obj                : 1.0\n"},"type":"ws_msg"}
{"payload":{"local_timestamp":1679106989430,"stderr":true,"stdout":"COMET INFO:     obj_pw             : 1.0\n"},"type":"ws_msg"}
{"payload":{"local_timestamp":1679106989430,"stderr":true,"stdout":"COMET INFO:     optimizer          : SGD\n"},"type":"ws_msg"}
{"payload":{"local_timestamp":1679106989430,"stderr":true,"stdout":"COMET INFO:     patience           : 100\n"},"type":"ws_msg"}
{"payload":{"local_timestamp":1679106989430,"stderr":true,"stdout":"COMET INFO:     perspective        : 0.0\n"},"type":"ws_msg"}
{"payload":{"local_timestamp":1679106989430,"stderr":true,"stdout":"COMET INFO:     project            : runs\\train\n"},"type":"ws_msg"}
{"payload":{"local_timestamp":1679106989430,"stderr":true,"stdout":"COMET INFO:     quad               : False\n"},"type":"ws_msg"}
{"payload":{"local_timestamp":1679106989430,"stderr":true,"stdout":"COMET INFO:     rect               : False\n"},"type":"ws_msg"}
{"payload":{"local_timestamp":1679106989430,"stderr":true,"stdout":"COMET INFO:     resume             : False\n"},"type":"ws_msg"}
{"payload":{"local_timestamp":1679106989431,"stderr":true,"stdout":"COMET INFO:     save_dir           : runs\\train\\exp9\n"},"type":"ws_msg"}
{"payload":{"local_timestamp":1679106989431,"stderr":true,"stdout":"COMET INFO:     save_period        : -1\n"},"type":"ws_msg"}
{"payload":{"local_timestamp":1679106989431,"stderr":true,"stdout":"COMET INFO:     scale              : 0.5\n"},"type":"ws_msg"}
{"payload":{"local_timestamp":1679106989431,"stderr":true,"stdout":"COMET INFO:     seed               : 0\n"},"type":"ws_msg"}
{"payload":{"local_timestamp":1679106989431,"stderr":true,"stdout":"COMET INFO:     shear              : 0.0\n"},"type":"ws_msg"}
{"payload":{"local_timestamp":1679106989431,"stderr":true,"stdout":"COMET INFO:     single_cls         : False\n"},"type":"ws_msg"}
{"payload":{"local_timestamp":1679106989431,"stderr":true,"stdout":"COMET INFO:     sync_bn            : False\n"},"type":"ws_msg"}
{"payload":{"local_timestamp":1679106989431,"stderr":true,"stdout":"COMET INFO:     translate          : 0.1\n"},"type":"ws_msg"}
{"payload":{"local_timestamp":1679106989431,"stderr":true,"stdout":"COMET INFO:     upload_dataset     : False\n"},"type":"ws_msg"}
{"payload":{"local_timestamp":1679106989431,"stderr":true,"stdout":"COMET INFO:     val_conf_threshold : 0.001\n"},"type":"ws_msg"}
{"payload":{"local_timestamp":1679106989431,"stderr":true,"stdout":"COMET INFO:     val_iou_threshold  : 0.6\n"},"type":"ws_msg"}
{"payload":{"local_timestamp":1679106989431,"stderr":true,"stdout":"COMET INFO:     warmup_bias_lr     : 0.1\n"},"type":"ws_msg"}
{"payload":{"local_timestamp":1679106989432,"stderr":true,"stdout":"COMET INFO:     warmup_epochs      : 3.0\n"},"type":"ws_msg"}
{"payload":{"local_timestamp":1679106989432,"stderr":true,"stdout":"COMET INFO:     warmup_momentum    : 0.8\n"},"type":"ws_msg"}
{"payload":{"local_timestamp":1679106989432,"stderr":true,"stdout":"COMET INFO:     weight_decay       : 0.0005\n"},"type":"ws_msg"}
{"payload":{"local_timestamp":1679106989432,"stderr":true,"stdout":"COMET INFO:     weights            : yolov5s.pt\n"},"type":"ws_msg"}
{"payload":{"local_timestamp":1679106989432,"stderr":true,"stdout":"COMET INFO:     workers            : 1\n"},"type":"ws_msg"}
{"payload":{"local_timestamp":1679106989432,"stderr":true,"stdout":"COMET INFO:   Uploads:\n"},"type":"ws_msg"}
{"payload":{"local_timestamp":1679106989432,"stderr":true,"stdout":"COMET INFO:     asset                        : 3 (1.56 KB)\n"},"type":"ws_msg"}
{"payload":{"local_timestamp":1679106989432,"stderr":true,"stdout":"COMET INFO:     conda-environment-definition : 1\n"},"type":"ws_msg"}
{"payload":{"local_timestamp":1679106989432,"stderr":true,"stdout":"COMET INFO:     conda-info                   : 1\n"},"type":"ws_msg"}
{"payload":{"local_timestamp":1679106989432,"stderr":true,"stdout":"COMET INFO:     conda-specification          : 1\n"},"type":"ws_msg"}
{"payload":{"local_timestamp":1679106989432,"stderr":true,"stdout":"COMET INFO:     environment details          : 1\n"},"type":"ws_msg"}
{"payload":{"local_timestamp":1679106989432,"stderr":true,"stdout":"COMET INFO:     installed packages           : 1\n"},"type":"ws_msg"}
{"payload":{"local_timestamp":1679106989432,"stderr":true,"stdout":"COMET INFO: \n"},"type":"ws_msg"}
{"payload":{"local_timestamp":1679106989433,"stderr":true,"stdout":"COMET WARNING: Experiment Name is generated at upload time for Offline Experiments unless set explicitly with Experiment.set_name\n"},"type":"ws_msg"}
{"payload":{"local_timestamp":1679106989433,"stderr":true,"stdout":"COMET WARNING: Comet has disabled auto-logging functionality as it has been imported after the following ML modules: torch, tensorboard. Metrics and hyperparameters can still be logged using Experiment.log_metrics() and Experiment.log_parameters()\n"},"type":"ws_msg"}
{"payload":{"local_timestamp":1679106989433,"log_other":{"key":"sys.already_imported_modules","val":"[\"torch\", \"tensorboard\"]"}},"type":"ws_msg"}
