{"payload":{"installed_packages":["absl-py==1.4.0","attrs==22.2.0","brotlipy==0.7.0","cachetools==5.3.0","certifi==2022.12.7","cffi==1.15.1","charset-normalizer==2.1.1","clearml==1.9.3","colorama==0.4.6","comet-ml==3.32.4","configobj==5.0.8","contourpy==1.0.7","cryptography==37.0.4","cycler==0.11.0","dulwich==0.21.3","everett==3.1.0","fonttools==4.39.0","furl==2.1.3","gitdb==4.0.10","gitpython==3.1.31","google-auth-oauthlib==0.4.6","google-auth==2.16.2","grpcio==1.51.3","idna==3.4","imgviz==1.7.2","importlib-metadata==6.0.0","importlib-resources==5.12.0","jsonschema==4.17.3","kiwisolver==1.4.4","labelimg==1.8.6","labelme==5.1.1","lxml==4.9.2","markdown==3.4.1","markupsafe==2.1.2","matplotlib==3.7.1","natsort==8.3.1","numpy==1.23.2","oauthlib==3.2.2","opencv-python==4.7.0.72","orderedmultidict==1.0.1","packaging==23.0","pandas==1.5.3","pathlib2==2.3.7.post1","pillow==9.2.0","pip==23.0.1","pkgutil-resolve-name==1.3.10","protobuf==4.22.1","psutil==5.9.4","pyasn1-modules==0.2.8","pyasn1==0.4.8","pycparser==2.21","pyjwt==2.4.0","pyopenssl==22.0.0","pyparsing==3.0.9","pyqt5-qt5==5.15.2","pyqt5-sip==12.11.1","pyqt5==5.15.9","pyrsistent==0.19.3","pysocks==1.7.1","python-box==6.1.0","python-dateutil==2.8.2","pytz==2022.7.1","pyyaml==6.0","qtpy==2.3.0","requests-oauthlib==1.3.1","requests-toolbelt==0.10.1","requests==2.28.2","rsa==4.9","scipy==1.10.1","seaborn==0.12.2","semantic-version==2.10.0","sentry-sdk==1.16.0","setuptools==65.6.3","simplejson==3.18.3","six==1.16.0","smmap==5.0.0","tensorboard-data-server==0.7.0","tensorboard-plugin-wit==1.8.1","tensorboard==2.12.0","termcolor==2.2.0","thop==0.1.1.post2209072238","torch==1.12.1","torchaudio==0.12.1","torchvision==0.13.1","tqdm==4.65.0","typing-extensions==4.4.0","urllib3==1.26.14","websocket-client==1.3.3","werkzeug==2.2.3","wheel==0.38.4","win-inet-pton==1.1.0","wincertstore==0.2","wrapt==1.15.0","wurlitzer==3.0.3","zipp==3.15.0"],"local_timestamp":1678624139053},"type":"ws_msg"}
{"payload":{"env_details":{"command":["train.py","--data","mask_data.yaml","--cfg","mask_yolov5s.yaml","--weights","yolov5s.pt","--epoch","100","--batch-size","1","--device","0"],"env":null,"hostname":"DESKTOP-EBHJU3L","ip":"192.168.1.4","machine":"AMD64","os":"Windows-10-10.0.19044-SP0","os_release":"10","os_type":"Windows","pid":44292,"processor":"Intel64 Family 6 Model 151 Stepping 5, GenuineIntel","python_exe":"D:\\Anaconda3\\envs\\yolov5_test\\python.exe","python_version":"3.8.16","python_version_verbose":"3.8.16 (default, Mar  2 2023, 03:18:16) [MSC v.1916 64 bit (AMD64)]","user":"S12"},"local_timestamp":1678624139274},"type":"ws_msg"}
{"payload":{"gpu_static_info":[{"gpu_index":0,"name":"NVIDIA GeForce RTX 3060","power_limit":170000,"total_memory":12884901888,"uuid":"GPU-dfda1428-5596-04db-891d-78db4381a1f7"}],"local_timestamp":1678624139296},"type":"ws_msg"}
{"payload":{"local_timestamp":1678624139299,"metric":{"epoch":null,"metricName":"sys.gpu.0.total_memory","metricValue":12884901888,"step":null}},"type":"metric_msg"}
{"payload":{"local_timestamp":1678624139422,"param":{"paramName":"data","paramValue":"mask_data.yaml","source":"cli","step":null}},"type":"parameter_msg"}
{"payload":{"local_timestamp":1678624139422,"param":{"paramName":"cfg","paramValue":"mask_yolov5s.yaml","source":"cli","step":null}},"type":"parameter_msg"}
{"payload":{"local_timestamp":1678624139422,"param":{"paramName":"weights","paramValue":"yolov5s.pt","source":"cli","step":null}},"type":"parameter_msg"}
{"payload":{"local_timestamp":1678624139422,"param":{"paramName":"epoch","paramValue":100,"source":"cli","step":null}},"type":"parameter_msg"}
{"payload":{"local_timestamp":1678624139422,"param":{"paramName":"batch-size","paramValue":1,"source":"cli","step":null}},"type":"parameter_msg"}
{"payload":{"local_timestamp":1678624139422,"param":{"paramName":"device","paramValue":0,"source":"cli","step":null}},"type":"parameter_msg"}
{"payload":{"local_timestamp":1678624139422,"metric":{"epoch":null,"metricName":"sys.cpu.percent.avg","metricValue":10.208333333333334,"step":null}},"type":"metric_msg"}
{"payload":{"local_timestamp":1678624139422,"metric":{"epoch":null,"metricName":"sys.cpu.percent.01","metricValue":4.2,"step":null}},"type":"metric_msg"}
{"payload":{"local_timestamp":1678624139422,"metric":{"epoch":null,"metricName":"sys.cpu.percent.02","metricValue":4.2,"step":null}},"type":"metric_msg"}
{"payload":{"local_timestamp":1678624139422,"metric":{"epoch":null,"metricName":"sys.cpu.percent.03","metricValue":4.9,"step":null}},"type":"metric_msg"}
{"payload":{"local_timestamp":1678624139422,"metric":{"epoch":null,"metricName":"sys.cpu.percent.04","metricValue":14.8,"step":null}},"type":"metric_msg"}
{"payload":{"local_timestamp":1678624139422,"metric":{"epoch":null,"metricName":"sys.cpu.percent.05","metricValue":3.5,"step":null}},"type":"metric_msg"}
{"payload":{"local_timestamp":1678624139422,"metric":{"epoch":null,"metricName":"sys.cpu.percent.06","metricValue":4.9,"step":null}},"type":"metric_msg"}
{"payload":{"local_timestamp":1678624139422,"metric":{"epoch":null,"metricName":"sys.cpu.percent.07","metricValue":8.5,"step":null}},"type":"metric_msg"}
{"payload":{"local_timestamp":1678624139422,"metric":{"epoch":null,"metricName":"sys.cpu.percent.08","metricValue":9.9,"step":null}},"type":"metric_msg"}
{"payload":{"local_timestamp":1678624139422,"metric":{"epoch":null,"metricName":"sys.cpu.percent.09","metricValue":9.2,"step":null}},"type":"metric_msg"}
{"payload":{"local_timestamp":1678624139422,"metric":{"epoch":null,"metricName":"sys.cpu.percent.10","metricValue":6.3,"step":null}},"type":"metric_msg"}
{"payload":{"local_timestamp":1678624139422,"metric":{"epoch":null,"metricName":"sys.cpu.percent.11","metricValue":22.5,"step":null}},"type":"metric_msg"}
{"payload":{"local_timestamp":1678624139422,"metric":{"epoch":null,"metricName":"sys.cpu.percent.12","metricValue":29.6,"step":null}},"type":"metric_msg"}
{"payload":{"local_timestamp":1678624139422,"metric":{"epoch":null,"metricName":"sys.load.avg","metricValue":0.0,"step":null}},"type":"metric_msg"}
{"payload":{"local_timestamp":1678624139422,"metric":{"epoch":null,"metricName":"sys.ram.total","metricValue":17014095872,"step":null}},"type":"metric_msg"}
{"payload":{"local_timestamp":1678624139422,"metric":{"epoch":null,"metricName":"sys.ram.used","metricValue":8959995904,"step":null}},"type":"metric_msg"}
{"payload":{"local_timestamp":1678624139423,"log_other":{"key":"offline_experiment","val":true}},"type":"ws_msg"}
{"payload":{"local_timestamp":1678624139424,"stderr":true,"stdout":"Traceback (most recent call last):\n"},"type":"ws_msg"}
{"payload":{"local_timestamp":1678624139424,"stderr":true,"stdout":"  File \"train.py\", line 641, in <module>\n"},"type":"ws_msg"}
{"payload":{"local_timestamp":1678624139425,"stderr":true,"stdout":"    "},"type":"ws_msg"}
{"payload":{"local_timestamp":1678624139425,"stderr":true,"stdout":"main(opt)"},"type":"ws_msg"}
{"payload":{"local_timestamp":1678624139425,"stderr":true,"stdout":"\n"},"type":"ws_msg"}
{"payload":{"local_timestamp":1678624139425,"stderr":true,"stdout":"  File \"train.py\", line 530, in main\n"},"type":"ws_msg"}
{"payload":{"local_timestamp":1678624139426,"stderr":true,"stdout":"    "},"type":"ws_msg"}
{"payload":{"local_timestamp":1678624139426,"stderr":true,"stdout":"train(opt.hyp, opt, device, callbacks)"},"type":"ws_msg"}
{"payload":{"local_timestamp":1678624139426,"stderr":true,"stdout":"\n"},"type":"ws_msg"}
{"payload":{"local_timestamp":1678624139426,"stderr":true,"stdout":"  File \"train.py\", line 97, in train\n"},"type":"ws_msg"}
{"payload":{"local_timestamp":1678624139426,"stderr":true,"stdout":"    "},"type":"ws_msg"}
{"payload":{"local_timestamp":1678624139426,"stderr":true,"stdout":"loggers = Loggers(save_dir, weights, opt, hyp, LOGGER)  # loggers instance"},"type":"ws_msg"}
{"payload":{"local_timestamp":1678624139426,"stderr":true,"stdout":"\n"},"type":"ws_msg"}
{"payload":{"local_timestamp":1678624139426,"stderr":true,"stdout":"  File \"C:\\Users\\S12\\Desktop\\Yolov5Learn\\yolov5\\utils\\loggers\\__init__.py\", line 129, in __init__\n"},"type":"ws_msg"}
{"payload":{"local_timestamp":1678624139426,"stderr":true,"stdout":"    "},"type":"ws_msg"}
{"payload":{"local_timestamp":1678624139426,"stderr":true,"stdout":"self.comet_logger = CometLogger(self.opt, self.hyp)"},"type":"ws_msg"}
{"payload":{"local_timestamp":1678624139427,"stderr":true,"stdout":"\n"},"type":"ws_msg"}
{"payload":{"local_timestamp":1678624139427,"stderr":true,"stdout":"  File \"C:\\Users\\S12\\Desktop\\Yolov5Learn\\yolov5\\utils\\loggers\\comet\\__init__.py\", line 97, in __init__\n"},"type":"ws_msg"}
{"payload":{"local_timestamp":1678624139427,"stderr":true,"stdout":"    "},"type":"ws_msg"}
{"payload":{"local_timestamp":1678624139427,"stderr":true,"stdout":"self.data_dict = self.check_dataset(self.opt.data)"},"type":"ws_msg"}
{"payload":{"local_timestamp":1678624139427,"stderr":true,"stdout":"\n"},"type":"ws_msg"}
{"payload":{"local_timestamp":1678624139427,"stderr":true,"stdout":"  File \"C:\\Users\\S12\\Desktop\\Yolov5Learn\\yolov5\\utils\\loggers\\comet\\__init__.py\", line 232, in check_dataset\n"},"type":"ws_msg"}
{"payload":{"local_timestamp":1678624139427,"stderr":true,"stdout":"    "},"type":"ws_msg"}
{"payload":{"local_timestamp":1678624139427,"stderr":true,"stdout":"data_config = yaml.safe_load(f)"},"type":"ws_msg"}
{"payload":{"local_timestamp":1678624139427,"stderr":true,"stdout":"\n"},"type":"ws_msg"}
{"payload":{"local_timestamp":1678624139427,"stderr":true,"stdout":"  File \"D:\\Anaconda3\\envs\\yolov5_test\\lib\\site-packages\\yaml\\__init__.py\", line 125, in safe_load\n"},"type":"ws_msg"}
{"payload":{"local_timestamp":1678624139427,"stderr":true,"stdout":"    "},"type":"ws_msg"}
{"payload":{"local_timestamp":1678624139428,"stderr":true,"stdout":"return load(stream, SafeLoader)"},"type":"ws_msg"}
{"payload":{"local_timestamp":1678624139428,"stderr":true,"stdout":"\n"},"type":"ws_msg"}
{"payload":{"local_timestamp":1678624139428,"stderr":true,"stdout":"  File \"D:\\Anaconda3\\envs\\yolov5_test\\lib\\site-packages\\yaml\\__init__.py\", line 81, in load\n"},"type":"ws_msg"}
{"payload":{"local_timestamp":1678624139428,"stderr":true,"stdout":"    "},"type":"ws_msg"}
{"payload":{"local_timestamp":1678624139428,"stderr":true,"stdout":"return loader.get_single_data()"},"type":"ws_msg"}
{"payload":{"local_timestamp":1678624139428,"stderr":true,"stdout":"\n"},"type":"ws_msg"}
{"payload":{"local_timestamp":1678624139428,"stderr":true,"stdout":"  File \"D:\\Anaconda3\\envs\\yolov5_test\\lib\\site-packages\\yaml\\constructor.py\", line 49, in get_single_data\n"},"type":"ws_msg"}
{"payload":{"local_timestamp":1678624139428,"stderr":true,"stdout":"    "},"type":"ws_msg"}
{"payload":{"local_timestamp":1678624139428,"stderr":true,"stdout":"node = self.get_single_node()"},"type":"ws_msg"}
{"payload":{"local_timestamp":1678624139428,"stderr":true,"stdout":"\n"},"type":"ws_msg"}
{"payload":{"local_timestamp":1678624139428,"stderr":true,"stdout":"  File \"D:\\Anaconda3\\envs\\yolov5_test\\lib\\site-packages\\yaml\\composer.py\", line 36, in get_single_node\n"},"type":"ws_msg"}
{"payload":{"local_timestamp":1678624139428,"stderr":true,"stdout":"    "},"type":"ws_msg"}
{"payload":{"local_timestamp":1678624139428,"stderr":true,"stdout":"document = self.compose_document()"},"type":"ws_msg"}
{"payload":{"local_timestamp":1678624139429,"stderr":true,"stdout":"\n"},"type":"ws_msg"}
{"payload":{"local_timestamp":1678624139429,"stderr":true,"stdout":"  File \"D:\\Anaconda3\\envs\\yolov5_test\\lib\\site-packages\\yaml\\composer.py\", line 55, in compose_document\n"},"type":"ws_msg"}
{"payload":{"local_timestamp":1678624139429,"stderr":true,"stdout":"    "},"type":"ws_msg"}
{"payload":{"local_timestamp":1678624139429,"stderr":true,"stdout":"node = self.compose_node(None, None)"},"type":"ws_msg"}
{"payload":{"local_timestamp":1678624139429,"stderr":true,"stdout":"\n"},"type":"ws_msg"}
{"payload":{"local_timestamp":1678624139429,"stderr":true,"stdout":"  File \"D:\\Anaconda3\\envs\\yolov5_test\\lib\\site-packages\\yaml\\composer.py\", line 84, in compose_node\n"},"type":"ws_msg"}
{"payload":{"local_timestamp":1678624139429,"stderr":true,"stdout":"    "},"type":"ws_msg"}
{"payload":{"local_timestamp":1678624139429,"stderr":true,"stdout":"node = self.compose_mapping_node(anchor)"},"type":"ws_msg"}
{"payload":{"local_timestamp":1678624139429,"stderr":true,"stdout":"\n"},"type":"ws_msg"}
{"payload":{"local_timestamp":1678624139429,"stderr":true,"stdout":"  File \"D:\\Anaconda3\\envs\\yolov5_test\\lib\\site-packages\\yaml\\composer.py\", line 133, in compose_mapping_node\n"},"type":"ws_msg"}
{"payload":{"local_timestamp":1678624139429,"stderr":true,"stdout":"    "},"type":"ws_msg"}
{"payload":{"local_timestamp":1678624139429,"stderr":true,"stdout":"item_value = self.compose_node(node, item_key)"},"type":"ws_msg"}
{"payload":{"local_timestamp":1678624139429,"stderr":true,"stdout":"\n"},"type":"ws_msg"}
{"payload":{"local_timestamp":1678624139429,"stderr":true,"stdout":"  File \"D:\\Anaconda3\\envs\\yolov5_test\\lib\\site-packages\\yaml\\composer.py\", line 82, in compose_node\n"},"type":"ws_msg"}
{"payload":{"local_timestamp":1678624139429,"stderr":true,"stdout":"    "},"type":"ws_msg"}
{"payload":{"local_timestamp":1678624139429,"stderr":true,"stdout":"node = self.compose_sequence_node(anchor)"},"type":"ws_msg"}
{"payload":{"local_timestamp":1678624139429,"stderr":true,"stdout":"\n"},"type":"ws_msg"}
{"payload":{"local_timestamp":1678624139429,"stderr":true,"stdout":"  File \"D:\\Anaconda3\\envs\\yolov5_test\\lib\\site-packages\\yaml\\composer.py\", line 110, in compose_sequence_node\n"},"type":"ws_msg"}
{"payload":{"local_timestamp":1678624139430,"stderr":true,"stdout":"    "},"type":"ws_msg"}
{"payload":{"local_timestamp":1678624139430,"stderr":true,"stdout":"while not self.check_event(SequenceEndEvent):"},"type":"ws_msg"}
{"payload":{"local_timestamp":1678624139430,"stderr":true,"stdout":"\n"},"type":"ws_msg"}
{"payload":{"local_timestamp":1678624139430,"stderr":true,"stdout":"  File \"D:\\Anaconda3\\envs\\yolov5_test\\lib\\site-packages\\yaml\\parser.py\", line 98, in check_event\n"},"type":"ws_msg"}
{"payload":{"local_timestamp":1678624139430,"stderr":true,"stdout":"    "},"type":"ws_msg"}
{"payload":{"local_timestamp":1678624139430,"stderr":true,"stdout":"self.current_event = self.state()"},"type":"ws_msg"}
{"payload":{"local_timestamp":1678624139430,"stderr":true,"stdout":"\n"},"type":"ws_msg"}
{"payload":{"local_timestamp":1678624139430,"stderr":true,"stdout":"  File \"D:\\Anaconda3\\envs\\yolov5_test\\lib\\site-packages\\yaml\\parser.py\", line 483, in parse_flow_sequence_entry\n"},"type":"ws_msg"}
{"payload":{"local_timestamp":1678624139430,"stderr":true,"stdout":"    "},"type":"ws_msg"}
{"payload":{"local_timestamp":1678624139431,"stderr":true,"stdout":"raise ParserError(\"while parsing a flow sequence\", self.marks[-1],"},"type":"ws_msg"}
{"payload":{"local_timestamp":1678624139431,"stderr":true,"stdout":"\n"},"type":"ws_msg"}
{"payload":{"local_timestamp":1678624139431,"stderr":true,"stdout":"yaml.parser"},"type":"ws_msg"}
{"payload":{"local_timestamp":1678624139431,"stderr":true,"stdout":"."},"type":"ws_msg"}
{"payload":{"local_timestamp":1678624139431,"stderr":true,"stdout":"ParserError"},"type":"ws_msg"}
{"payload":{"local_timestamp":1678624139431,"stderr":true,"stdout":": "},"type":"ws_msg"}
{"payload":{"local_timestamp":1678624139431,"stderr":true,"stdout":"while parsing a flow sequence\n  in \"C:\\Users\\S12\\Desktop\\Yolov5Learn\\yolov5\\data\\mask_data.yaml\", line 10, column 8\nexpected ',' or ']', but got '<scalar>'\n  in \"C:\\Users\\S12\\Desktop\\Yolov5Learn\\yolov5\\data\\mask_data.yaml\", line 10, column 15"},"type":"ws_msg"}
{"payload":{"local_timestamp":1678624139431,"stderr":true,"stdout":"\n"},"type":"ws_msg"}
{"payload":{"local_timestamp":1678624139431,"metric":{"epoch":null,"metricName":"sys.gpu.0.free_memory","metricValue":11928248320,"step":null}},"type":"metric_msg"}
{"payload":{"local_timestamp":1678624139431,"metric":{"epoch":null,"metricName":"sys.gpu.0.gpu_utilization","metricValue":2,"step":null}},"type":"metric_msg"}
{"payload":{"local_timestamp":1678624139431,"metric":{"epoch":null,"metricName":"sys.gpu.0.power_usage","metricValue":14550,"step":null}},"type":"metric_msg"}
{"payload":{"local_timestamp":1678624139431,"metric":{"epoch":null,"metricName":"sys.gpu.0.temperature","metricValue":45,"step":null}},"type":"metric_msg"}
{"payload":{"local_timestamp":1678624139431,"metric":{"epoch":null,"metricName":"sys.gpu.0.used_memory","metricValue":956653568,"step":null}},"type":"metric_msg"}
{"payload":{"additional_params":{"assetId":"412b6ef4aacc47a39d043900127d64c8","context":null,"epoch":null,"extension":"yml","fileName":"conda-environment.yml","overwrite":false,"runId":null,"step":null,"type":"conda-environment-definition"},"clean":true,"file_path":"tmp4dlwrn0f","local_timestamp":1678624140952,"metadata":{},"upload_type":"conda-environment-definition"},"type":"file_upload"}
{"payload":{"additional_params":{"assetId":"d9d4744abd3f4b66ad12ec4269eb0eed","context":null,"epoch":null,"extension":"txt","fileName":"conda-spec.txt","overwrite":false,"runId":null,"step":null,"type":"conda-specification"},"clean":true,"file_path":"tmpcpp6sfl6","local_timestamp":1678624141375,"metadata":{},"upload_type":"conda-specification"},"type":"file_upload"}
{"payload":{"additional_params":{"assetId":"23bcd2127a134f6a8180910b631017ab","context":null,"epoch":null,"extension":"yml","fileName":"conda-info.yml","overwrite":false,"runId":null,"step":null,"type":"conda-info"},"clean":true,"file_path":"tmpdn09xh40","local_timestamp":1678624141691,"metadata":{},"upload_type":"conda-info"},"type":"file_upload"}
{"payload":{"local_timestamp":1678624141692,"stderr":true,"stdout":"COMET INFO: ---------------------------------------------------------------------------------------\n"},"type":"ws_msg"}
{"payload":{"local_timestamp":1678624141692,"stderr":true,"stdout":"COMET INFO: Comet.ml OfflineExperiment Summary\n"},"type":"ws_msg"}
{"payload":{"local_timestamp":1678624141692,"stderr":true,"stdout":"COMET INFO: ---------------------------------------------------------------------------------------\n"},"type":"ws_msg"}
{"payload":{"local_timestamp":1678624141693,"stderr":true,"stdout":"COMET INFO:   Data:\n"},"type":"ws_msg"}
{"payload":{"local_timestamp":1678624141694,"stderr":true,"stdout":"COMET INFO:     display_summary_level : 1\n"},"type":"ws_msg"}
{"payload":{"local_timestamp":1678624141694,"stderr":true,"stdout":"COMET INFO:     url                   : [OfflineExperiment will get URL after upload]\n"},"type":"ws_msg"}
{"payload":{"local_timestamp":1678624141694,"stderr":true,"stdout":"COMET INFO:   Others:\n"},"type":"ws_msg"}
{"payload":{"local_timestamp":1678624141694,"stderr":true,"stdout":"COMET INFO:     offline_experiment : True\n"},"type":"ws_msg"}
{"payload":{"local_timestamp":1678624141694,"stderr":true,"stdout":"COMET INFO:   Uploads:\n"},"type":"ws_msg"}
{"payload":{"local_timestamp":1678624141694,"stderr":true,"stdout":"COMET INFO:     conda-environment-definition : 1\n"},"type":"ws_msg"}
{"payload":{"local_timestamp":1678624141694,"stderr":true,"stdout":"COMET INFO:     conda-info                   : 1\n"},"type":"ws_msg"}
{"payload":{"local_timestamp":1678624141694,"stderr":true,"stdout":"COMET INFO:     conda-specification          : 1\n"},"type":"ws_msg"}
{"payload":{"local_timestamp":1678624141694,"stderr":true,"stdout":"COMET INFO:     environment details          : 1\n"},"type":"ws_msg"}
{"payload":{"local_timestamp":1678624141694,"stderr":true,"stdout":"COMET INFO:     installed packages           : 1\n"},"type":"ws_msg"}
{"payload":{"local_timestamp":1678624141694,"stderr":true,"stdout":"COMET INFO: \n"},"type":"ws_msg"}
{"payload":{"local_timestamp":1678624141694,"stderr":true,"stdout":"COMET WARNING: Experiment Name is generated at upload time for Offline Experiments unless set explicitly with Experiment.set_name\n"},"type":"ws_msg"}
{"payload":{"local_timestamp":1678624141694,"stderr":true,"stdout":"COMET WARNING: Comet has disabled auto-logging functionality as it has been imported after the following ML modules: tensorboard, torch. Metrics and hyperparameters can still be logged using Experiment.log_metrics() and Experiment.log_parameters()\n"},"type":"ws_msg"}
{"payload":{"local_timestamp":1678624141694,"log_other":{"key":"sys.already_imported_modules","val":"[\"tensorboard\", \"torch\"]"}},"type":"ws_msg"}
