{"payload":{"installed_packages":["absl-py==1.4.0","attrs==22.2.0","brotlipy==0.7.0","cachetools==5.3.0","certifi==2022.12.7","cffi==1.15.1","charset-normalizer==2.1.1","clearml==1.9.3","colorama==0.4.6","comet-ml==3.32.4","configobj==5.0.8","contourpy==1.0.7","cryptography==37.0.4","cycler==0.11.0","dulwich==0.21.3","everett==3.1.0","fonttools==4.39.0","furl==2.1.3","gitdb==4.0.10","gitpython==3.1.31","google-auth-oauthlib==0.4.6","google-auth==2.16.2","grpcio==1.51.3","idna==3.4","imgviz==1.7.2","importlib-metadata==6.0.0","importlib-resources==5.12.0","jsonschema==4.17.3","kiwisolver==1.4.4","labelimg==1.8.6","labelme==5.1.1","lxml==4.9.2","markdown==3.4.1","markupsafe==2.1.2","matplotlib==3.7.1","natsort==8.3.1","numpy==1.23.2","oauthlib==3.2.2","opencv-python==4.7.0.72","orderedmultidict==1.0.1","packaging==23.0","pandas==1.5.3","pathlib2==2.3.7.post1","pillow==9.2.0","pip==23.0.1","pkgutil-resolve-name==1.3.10","protobuf==4.22.1","psutil==5.9.4","pyasn1-modules==0.2.8","pyasn1==0.4.8","pycparser==2.21","pyjwt==2.4.0","pyopenssl==22.0.0","pyparsing==3.0.9","pyqt5-qt5==5.15.2","pyqt5-sip==12.11.1","pyqt5==5.15.9","pyrsistent==0.19.3","pysocks==1.7.1","python-box==6.1.0","python-dateutil==2.8.2","pytz==2022.7.1","pyyaml==6.0","qtpy==2.3.0","requests-oauthlib==1.3.1","requests-toolbelt==0.10.1","requests==2.28.2","rsa==4.9","scipy==1.10.1","seaborn==0.12.2","semantic-version==2.10.0","sentry-sdk==1.16.0","setuptools==65.6.3","simplejson==3.18.3","six==1.16.0","smmap==5.0.0","tensorboard-data-server==0.7.0","tensorboard-plugin-wit==1.8.1","tensorboard==2.12.0","termcolor==2.2.0","thop==0.1.1.post2209072238","torch==1.12.1","torchaudio==0.12.1","torchvision==0.13.1","tqdm==4.65.0","typing-extensions==4.4.0","urllib3==1.26.14","websocket-client==1.3.3","werkzeug==2.2.3","wheel==0.38.4","win-inet-pton==1.1.0","wincertstore==0.2","wrapt==1.15.0","wurlitzer==3.0.3","zipp==3.15.0"],"local_timestamp":1678620476744},"type":"ws_msg"}
{"payload":{"env_details":{"command":["train.py","--data","mask_data.yaml","--cfg","mask_yolov5s.yaml","--weights","yolov5s.pt","--epoch","100","--batch-size","2","--device","0"],"env":null,"hostname":"DESKTOP-EBHJU3L","ip":"192.168.1.4","machine":"AMD64","os":"Windows-10-10.0.19044-SP0","os_release":"10","os_type":"Windows","pid":2136,"processor":"Intel64 Family 6 Model 151 Stepping 5, GenuineIntel","python_exe":"D:\\Anaconda3\\envs\\yolov5_test\\python.exe","python_version":"3.8.16","python_version_verbose":"3.8.16 (default, Mar  2 2023, 03:18:16) [MSC v.1916 64 bit (AMD64)]","user":"S12"},"local_timestamp":1678620476948},"type":"ws_msg"}
{"payload":{"gpu_static_info":[{"gpu_index":0,"name":"NVIDIA GeForce RTX 3060","power_limit":170000,"total_memory":12884901888,"uuid":"GPU-dfda1428-5596-04db-891d-78db4381a1f7"}],"local_timestamp":1678620476979},"type":"ws_msg"}
{"payload":{"local_timestamp":1678620476982,"metric":{"epoch":null,"metricName":"sys.gpu.0.total_memory","metricValue":12884901888,"step":null}},"type":"metric_msg"}
{"payload":{"local_timestamp":1678620477159,"param":{"paramName":"data","paramValue":"mask_data.yaml","source":"cli","step":null}},"type":"parameter_msg"}
{"payload":{"local_timestamp":1678620477159,"param":{"paramName":"cfg","paramValue":"mask_yolov5s.yaml","source":"cli","step":null}},"type":"parameter_msg"}
{"payload":{"local_timestamp":1678620477159,"param":{"paramName":"weights","paramValue":"yolov5s.pt","source":"cli","step":null}},"type":"parameter_msg"}
{"payload":{"local_timestamp":1678620477159,"param":{"paramName":"epoch","paramValue":100,"source":"cli","step":null}},"type":"parameter_msg"}
{"payload":{"local_timestamp":1678620477159,"param":{"paramName":"batch-size","paramValue":2,"source":"cli","step":null}},"type":"parameter_msg"}
{"payload":{"local_timestamp":1678620477159,"param":{"paramName":"device","paramValue":0,"source":"cli","step":null}},"type":"parameter_msg"}
{"payload":{"local_timestamp":1678620477160,"metric":{"epoch":null,"metricName":"sys.cpu.percent.avg","metricValue":87.69166666666666,"step":null}},"type":"metric_msg"}
{"payload":{"local_timestamp":1678620477160,"metric":{"epoch":null,"metricName":"sys.cpu.percent.01","metricValue":84.4,"step":null}},"type":"metric_msg"}
{"payload":{"local_timestamp":1678620477160,"metric":{"epoch":null,"metricName":"sys.cpu.percent.02","metricValue":83.5,"step":null}},"type":"metric_msg"}
{"payload":{"local_timestamp":1678620477160,"metric":{"epoch":null,"metricName":"sys.cpu.percent.03","metricValue":87.6,"step":null}},"type":"metric_msg"}
{"payload":{"local_timestamp":1678620477160,"metric":{"epoch":null,"metricName":"sys.cpu.percent.04","metricValue":87.6,"step":null}},"type":"metric_msg"}
{"payload":{"local_timestamp":1678620477160,"metric":{"epoch":null,"metricName":"sys.cpu.percent.05","metricValue":83.9,"step":null}},"type":"metric_msg"}
{"payload":{"local_timestamp":1678620477160,"metric":{"epoch":null,"metricName":"sys.cpu.percent.06","metricValue":87.2,"step":null}},"type":"metric_msg"}
{"payload":{"local_timestamp":1678620477160,"metric":{"epoch":null,"metricName":"sys.cpu.percent.07","metricValue":95.0,"step":null}},"type":"metric_msg"}
{"payload":{"local_timestamp":1678620477160,"metric":{"epoch":null,"metricName":"sys.cpu.percent.08","metricValue":88.5,"step":null}},"type":"metric_msg"}
{"payload":{"local_timestamp":1678620477160,"metric":{"epoch":null,"metricName":"sys.cpu.percent.09","metricValue":89.0,"step":null}},"type":"metric_msg"}
{"payload":{"local_timestamp":1678620477160,"metric":{"epoch":null,"metricName":"sys.cpu.percent.10","metricValue":84.9,"step":null}},"type":"metric_msg"}
{"payload":{"local_timestamp":1678620477160,"metric":{"epoch":null,"metricName":"sys.cpu.percent.11","metricValue":93.1,"step":null}},"type":"metric_msg"}
{"payload":{"local_timestamp":1678620477160,"metric":{"epoch":null,"metricName":"sys.cpu.percent.12","metricValue":87.6,"step":null}},"type":"metric_msg"}
{"payload":{"local_timestamp":1678620477160,"metric":{"epoch":null,"metricName":"sys.load.avg","metricValue":0.0,"step":null}},"type":"metric_msg"}
{"payload":{"local_timestamp":1678620477160,"metric":{"epoch":null,"metricName":"sys.ram.total","metricValue":17014095872,"step":null}},"type":"metric_msg"}
{"payload":{"local_timestamp":1678620477160,"metric":{"epoch":null,"metricName":"sys.ram.used","metricValue":8595169280,"step":null}},"type":"metric_msg"}
{"payload":{"local_timestamp":1678620477161,"log_other":{"key":"offline_experiment","val":true}},"type":"ws_msg"}
{"payload":{"additional_params":{"assetId":"a08dab9443d341c3ae86365d45be3a8d","context":null,"extension":"yaml","fileName":"mask_data.yaml","overwrite":false,"runId":null,"step":null},"clean":true,"file_path":"tmp3o1b76l7","local_timestamp":1678620477164,"metadata":{"type":"data-config-file"},"upload_type":"asset"},"type":"file_upload"}
{"payload":{"local_timestamp":1678620477168,"log_other":{"key":"Created from","val":"YOLOv5"}},"type":"ws_msg"}
{"payload":{"local_timestamp":1678620477168,"param":{"paramName":"artifact_alias","paramValue":"latest","source":"manual","step":null}},"type":"parameter_msg"}
{"payload":{"local_timestamp":1678620477168,"param":{"paramName":"batch_size","paramValue":2,"source":"manual","step":null}},"type":"parameter_msg"}
{"payload":{"local_timestamp":1678620477168,"param":{"paramName":"bbox_interval","paramValue":-1,"source":"manual","step":null}},"type":"parameter_msg"}
{"payload":{"local_timestamp":1678620477168,"param":{"paramName":"bucket","paramValue":"","source":"manual","step":null}},"type":"parameter_msg"}
{"payload":{"local_timestamp":1678620477168,"param":{"paramName":"cache","paramValue":null,"source":"manual","step":null}},"type":"parameter_msg"}
{"payload":{"local_timestamp":1678620477168,"param":{"paramName":"cfg","paramValue":"C:\\Users\\S12\\Desktop\\Yolov5Learn\\yolov5\\models\\mask_yolov5s.yaml","source":"manual","step":null}},"type":"parameter_msg"}
{"payload":{"local_timestamp":1678620477168,"param":{"paramName":"cos_lr","paramValue":false,"source":"manual","step":null}},"type":"parameter_msg"}
{"payload":{"local_timestamp":1678620477168,"param":{"paramName":"data","paramValue":"C:\\Users\\S12\\Desktop\\Yolov5Learn\\yolov5\\data\\mask_data.yaml","source":"manual","step":null}},"type":"parameter_msg"}
{"payload":{"local_timestamp":1678620477168,"param":{"paramName":"device","paramValue":"0","source":"manual","step":null}},"type":"parameter_msg"}
{"payload":{"local_timestamp":1678620477168,"param":{"paramName":"entity","paramValue":null,"source":"manual","step":null}},"type":"parameter_msg"}
{"payload":{"local_timestamp":1678620477168,"param":{"paramName":"epochs","paramValue":100,"source":"manual","step":null}},"type":"parameter_msg"}
{"payload":{"local_timestamp":1678620477168,"param":{"paramName":"evolve","paramValue":null,"source":"manual","step":null}},"type":"parameter_msg"}
{"payload":{"local_timestamp":1678620477168,"param":{"paramName":"exist_ok","paramValue":false,"source":"manual","step":null}},"type":"parameter_msg"}
{"payload":{"local_timestamp":1678620477168,"params":{"paramName":"freeze","paramValue":[0],"source":"manual","step":null}},"type":"parameter_msg"}
{"payload":{"local_timestamp":1678620477168,"param":{"paramName":"hyp","paramValue":"{\"anchor_t\": 4.0, \"box\": 0.05, \"cls\": 0.5, \"cls_pw\": 1.0, \"copy_paste\": 0.0, \"degrees\": 0.0, \"fl_gamma\": 0.0, \"fliplr\": 0.5, \"flipud\": 0.0, \"hsv_h\": 0.015, \"hsv_s\": 0.7, \"hsv_v\": 0.4, \"iou_t\": 0.2, \"lr0\": 0.01, \"lrf\": 0.01, \"mixup\": 0.0, \"momentum\": 0.937, \"mosaic\": 1.0, \"obj\": 1.0, \"obj_pw\": 1.0, \"perspective\": 0.0, \"scale\": 0.5, \"shear\": 0.0, \"translate\": 0.1, \"warmup_bias_lr\": 0.1, \"warmup_epochs\": 3.0, \"warmup_momentum\": 0.8, \"weight_decay\": 0.0005}","source":"manual","step":null}},"type":"parameter_msg"}
{"payload":{"local_timestamp":1678620477168,"param":{"paramName":"image_weights","paramValue":false,"source":"manual","step":null}},"type":"parameter_msg"}
{"payload":{"local_timestamp":1678620477168,"param":{"paramName":"imgsz","paramValue":640,"source":"manual","step":null}},"type":"parameter_msg"}
{"payload":{"local_timestamp":1678620477168,"param":{"paramName":"label_smoothing","paramValue":0.0,"source":"manual","step":null}},"type":"parameter_msg"}
{"payload":{"local_timestamp":1678620477168,"param":{"paramName":"local_rank","paramValue":-1,"source":"manual","step":null}},"type":"parameter_msg"}
{"payload":{"local_timestamp":1678620477168,"param":{"paramName":"multi_scale","paramValue":false,"source":"manual","step":null}},"type":"parameter_msg"}
{"payload":{"local_timestamp":1678620477168,"param":{"paramName":"name","paramValue":"exp","source":"manual","step":null}},"type":"parameter_msg"}
{"payload":{"local_timestamp":1678620477168,"param":{"paramName":"noautoanchor","paramValue":false,"source":"manual","step":null}},"type":"parameter_msg"}
{"payload":{"local_timestamp":1678620477168,"param":{"paramName":"noplots","paramValue":false,"source":"manual","step":null}},"type":"parameter_msg"}
{"payload":{"local_timestamp":1678620477168,"param":{"paramName":"nosave","paramValue":false,"source":"manual","step":null}},"type":"parameter_msg"}
{"payload":{"local_timestamp":1678620477168,"param":{"paramName":"noval","paramValue":false,"source":"manual","step":null}},"type":"parameter_msg"}
{"payload":{"local_timestamp":1678620477169,"param":{"paramName":"optimizer","paramValue":"SGD","source":"manual","step":null}},"type":"parameter_msg"}
{"payload":{"local_timestamp":1678620477169,"param":{"paramName":"patience","paramValue":100,"source":"manual","step":null}},"type":"parameter_msg"}
{"payload":{"local_timestamp":1678620477169,"param":{"paramName":"project","paramValue":"runs\\train","source":"manual","step":null}},"type":"parameter_msg"}
{"payload":{"local_timestamp":1678620477169,"param":{"paramName":"quad","paramValue":false,"source":"manual","step":null}},"type":"parameter_msg"}
{"payload":{"local_timestamp":1678620477169,"param":{"paramName":"rect","paramValue":false,"source":"manual","step":null}},"type":"parameter_msg"}
{"payload":{"local_timestamp":1678620477169,"param":{"paramName":"resume","paramValue":false,"source":"manual","step":null}},"type":"parameter_msg"}
{"payload":{"local_timestamp":1678620477169,"param":{"paramName":"save_dir","paramValue":"runs\\train\\exp5","source":"manual","step":null}},"type":"parameter_msg"}
{"payload":{"local_timestamp":1678620477169,"param":{"paramName":"save_period","paramValue":-1,"source":"manual","step":null}},"type":"parameter_msg"}
{"payload":{"local_timestamp":1678620477169,"param":{"paramName":"seed","paramValue":0,"source":"manual","step":null}},"type":"parameter_msg"}
{"payload":{"local_timestamp":1678620477169,"param":{"paramName":"single_cls","paramValue":false,"source":"manual","step":null}},"type":"parameter_msg"}
{"payload":{"local_timestamp":1678620477169,"param":{"paramName":"sync_bn","paramValue":false,"source":"manual","step":null}},"type":"parameter_msg"}
{"payload":{"local_timestamp":1678620477169,"param":{"paramName":"upload_dataset","paramValue":false,"source":"manual","step":null}},"type":"parameter_msg"}
{"payload":{"local_timestamp":1678620477169,"param":{"paramName":"workers","paramValue":4,"source":"manual","step":null}},"type":"parameter_msg"}
{"payload":{"local_timestamp":1678620477169,"param":{"paramName":"anchor_t","paramValue":4.0,"source":"manual","step":null}},"type":"parameter_msg"}
{"payload":{"local_timestamp":1678620477169,"param":{"paramName":"box","paramValue":0.05,"source":"manual","step":null}},"type":"parameter_msg"}
{"payload":{"local_timestamp":1678620477169,"param":{"paramName":"cls","paramValue":0.5,"source":"manual","step":null}},"type":"parameter_msg"}
{"payload":{"local_timestamp":1678620477169,"param":{"paramName":"cls_pw","paramValue":1.0,"source":"manual","step":null}},"type":"parameter_msg"}
{"payload":{"local_timestamp":1678620477169,"param":{"paramName":"copy_paste","paramValue":0.0,"source":"manual","step":null}},"type":"parameter_msg"}
{"payload":{"local_timestamp":1678620477169,"param":{"paramName":"degrees","paramValue":0.0,"source":"manual","step":null}},"type":"parameter_msg"}
{"payload":{"local_timestamp":1678620477169,"param":{"paramName":"fl_gamma","paramValue":0.0,"source":"manual","step":null}},"type":"parameter_msg"}
{"payload":{"local_timestamp":1678620477169,"param":{"paramName":"fliplr","paramValue":0.5,"source":"manual","step":null}},"type":"parameter_msg"}
{"payload":{"local_timestamp":1678620477169,"param":{"paramName":"flipud","paramValue":0.0,"source":"manual","step":null}},"type":"parameter_msg"}
{"payload":{"local_timestamp":1678620477169,"param":{"paramName":"hsv_h","paramValue":0.015,"source":"manual","step":null}},"type":"parameter_msg"}
{"payload":{"local_timestamp":1678620477169,"param":{"paramName":"hsv_s","paramValue":0.7,"source":"manual","step":null}},"type":"parameter_msg"}
{"payload":{"local_timestamp":1678620477169,"param":{"paramName":"hsv_v","paramValue":0.4,"source":"manual","step":null}},"type":"parameter_msg"}
{"payload":{"local_timestamp":1678620477169,"param":{"paramName":"iou_t","paramValue":0.2,"source":"manual","step":null}},"type":"parameter_msg"}
{"payload":{"local_timestamp":1678620477169,"param":{"paramName":"lr0","paramValue":0.01,"source":"manual","step":null}},"type":"parameter_msg"}
{"payload":{"local_timestamp":1678620477169,"param":{"paramName":"lrf","paramValue":0.01,"source":"manual","step":null}},"type":"parameter_msg"}
{"payload":{"local_timestamp":1678620477169,"param":{"paramName":"mixup","paramValue":0.0,"source":"manual","step":null}},"type":"parameter_msg"}
{"payload":{"local_timestamp":1678620477169,"param":{"paramName":"momentum","paramValue":0.937,"source":"manual","step":null}},"type":"parameter_msg"}
{"payload":{"local_timestamp":1678620477169,"param":{"paramName":"mosaic","paramValue":1.0,"source":"manual","step":null}},"type":"parameter_msg"}
{"payload":{"local_timestamp":1678620477169,"param":{"paramName":"obj","paramValue":1.0,"source":"manual","step":null}},"type":"parameter_msg"}
{"payload":{"local_timestamp":1678620477169,"param":{"paramName":"obj_pw","paramValue":1.0,"source":"manual","step":null}},"type":"parameter_msg"}
{"payload":{"local_timestamp":1678620477169,"param":{"paramName":"perspective","paramValue":0.0,"source":"manual","step":null}},"type":"parameter_msg"}
{"payload":{"local_timestamp":1678620477169,"param":{"paramName":"scale","paramValue":0.5,"source":"manual","step":null}},"type":"parameter_msg"}
{"payload":{"local_timestamp":1678620477169,"param":{"paramName":"shear","paramValue":0.0,"source":"manual","step":null}},"type":"parameter_msg"}
{"payload":{"local_timestamp":1678620477169,"param":{"paramName":"translate","paramValue":0.1,"source":"manual","step":null}},"type":"parameter_msg"}
{"payload":{"local_timestamp":1678620477169,"param":{"paramName":"warmup_bias_lr","paramValue":0.1,"source":"manual","step":null}},"type":"parameter_msg"}
{"payload":{"local_timestamp":1678620477169,"param":{"paramName":"warmup_epochs","paramValue":3.0,"source":"manual","step":null}},"type":"parameter_msg"}
{"payload":{"local_timestamp":1678620477169,"param":{"paramName":"warmup_momentum","paramValue":0.8,"source":"manual","step":null}},"type":"parameter_msg"}
{"payload":{"local_timestamp":1678620477169,"param":{"paramName":"weight_decay","paramValue":0.0005,"source":"manual","step":null}},"type":"parameter_msg"}
{"payload":{"additional_params":{"assetId":"541173037d874033998c019eb1988d43","context":null,"epoch":null,"extension":"json","fileName":"hyperparameters.json","overwrite":false,"runId":null,"step":null},"clean":true,"file_path":"tmpfb3gr_bh","local_timestamp":1678620477177,"metadata":{"type":"hyp-config-file"},"upload_type":"asset"},"type":"file_upload"}
{"payload":{"local_timestamp":1678620477170,"metric":{"epoch":null,"metricName":"sys.gpu.0.free_memory","metricValue":11886231552,"step":null}},"type":"metric_msg"}
{"payload":{"local_timestamp":1678620477170,"metric":{"epoch":null,"metricName":"sys.gpu.0.gpu_utilization","metricValue":3,"step":null}},"type":"metric_msg"}
{"payload":{"local_timestamp":1678620477170,"metric":{"epoch":null,"metricName":"sys.gpu.0.power_usage","metricValue":14346,"step":null}},"type":"metric_msg"}
{"payload":{"local_timestamp":1678620477170,"metric":{"epoch":null,"metricName":"sys.gpu.0.temperature","metricValue":42,"step":null}},"type":"metric_msg"}
{"payload":{"local_timestamp":1678620477170,"metric":{"epoch":null,"metricName":"sys.gpu.0.used_memory","metricValue":998670336,"step":null}},"type":"metric_msg"}
{"payload":{"additional_params":{"assetId":"bed50a491cee4fbf945f5ec5e6ec2df9","context":null,"extension":"yaml","fileName":"opt.yaml","overwrite":false,"runId":null,"step":null},"clean":true,"file_path":"tmp2xdtn185","local_timestamp":1678620477171,"metadata":{"type":"opt-config-file"},"upload_type":"asset"},"type":"file_upload"}
{"payload":{"local_timestamp":1678620477171,"param":{"paramName":"val_conf_threshold","paramValue":0.001,"source":"manual","step":null}},"type":"parameter_msg"}
{"payload":{"local_timestamp":1678620477171,"param":{"paramName":"val_iou_threshold","paramValue":0.6,"source":"manual","step":null}},"type":"parameter_msg"}
{"payload":{"local_timestamp":1678620477171,"log_other":{"key":"comet_mode","val":"online"}},"type":"ws_msg"}
{"payload":{"local_timestamp":1678620477171,"log_other":{"key":"comet_max_image_uploads","val":100}},"type":"ws_msg"}
{"payload":{"local_timestamp":1678620477172,"log_other":{"key":"comet_log_per_class_metrics","val":false}},"type":"ws_msg"}
{"payload":{"local_timestamp":1678620477172,"log_other":{"key":"comet_log_batch_metrics","val":false}},"type":"ws_msg"}
{"payload":{"local_timestamp":1678620477172,"log_other":{"key":"comet_log_confusion_matrix","val":true}},"type":"ws_msg"}
{"payload":{"local_timestamp":1678620477172,"log_other":{"key":"comet_model_name","val":"yolov5"}},"type":"ws_msg"}
{"payload":{"local_timestamp":1678620477218,"stderr":true,"stdout":"\n                 from  n    params  module                                  arguments                     \n"},"type":"ws_msg"}
{"payload":{"local_timestamp":1678620477220,"stderr":true,"stdout":"  0                -1  1      3520  models.common.Conv                      [3, 32, 6, 2, 2]              \n"},"type":"ws_msg"}
{"payload":{"local_timestamp":1678620477220,"stderr":true,"stdout":"  1                -1  1     18560  models.common.Conv                      [32, 64, 3, 2]                \n"},"type":"ws_msg"}
{"payload":{"local_timestamp":1678620477222,"stderr":true,"stdout":"  2                -1  1     18816  models.common.C3                        [64, 64, 1]                   \n"},"type":"ws_msg"}
{"payload":{"local_timestamp":1678620477223,"stderr":true,"stdout":"  3                -1  1     73984  models.common.Conv                      [64, 128, 3, 2]               \n"},"type":"ws_msg"}
{"payload":{"local_timestamp":1678620477227,"stderr":true,"stdout":"  4                -1  2    115712  models.common.C3                        [128, 128, 2]                 \n"},"type":"ws_msg"}
{"payload":{"local_timestamp":1678620477230,"stderr":true,"stdout":"  5                -1  1    295424  models.common.Conv                      [128, 256, 3, 2]              \n"},"type":"ws_msg"}
{"payload":{"local_timestamp":1678620477236,"stderr":true,"stdout":"  6                -1  3    625152  models.common.C3                        [256, 256, 3]                 \n"},"type":"ws_msg"}
{"payload":{"local_timestamp":1678620477240,"stderr":true,"stdout":"  7                -1  1   1180672  models.common.Conv                      [256, 512, 3, 2]              \n"},"type":"ws_msg"}
{"payload":{"local_timestamp":1678620477245,"stderr":true,"stdout":"  8                -1  1   1182720  models.common.C3                        [512, 512, 1]                 \n"},"type":"ws_msg"}
{"payload":{"local_timestamp":1678620477251,"stderr":true,"stdout":"  9                -1  1    656896  models.common.SPPF                      [512, 512, 5]                 \n"},"type":"ws_msg"}
{"payload":{"local_timestamp":1678620477252,"stderr":true,"stdout":" 10                -1  1    131584  models.common.Conv                      [512, 256, 1, 1]              \n"},"type":"ws_msg"}
{"payload":{"local_timestamp":1678620477253,"stderr":true,"stdout":" 11                -1  1         0  torch.nn.modules.upsampling.Upsample    [None, 2, 'nearest']          \n"},"type":"ws_msg"}
{"payload":{"local_timestamp":1678620477253,"stderr":true,"stdout":" 12           [-1, 6]  1         0  models.common.Concat                    [1]                           \n"},"type":"ws_msg"}
{"payload":{"local_timestamp":1678620477257,"stderr":true,"stdout":" 13                -1  1    361984  models.common.C3                        [512, 256, 1, False]          \n"},"type":"ws_msg"}
{"payload":{"local_timestamp":1678620477258,"stderr":true,"stdout":" 14                -1  1     33024  models.common.Conv                      [256, 128, 1, 1]              \n"},"type":"ws_msg"}
{"payload":{"local_timestamp":1678620477259,"stderr":true,"stdout":" 15                -1  1         0  torch.nn.modules.upsampling.Upsample    [None, 2, 'nearest']          \n"},"type":"ws_msg"}
{"payload":{"local_timestamp":1678620477259,"stderr":true,"stdout":" 16           [-1, 4]  1         0  models.common.Concat                    [1]                           \n"},"type":"ws_msg"}
{"payload":{"local_timestamp":1678620477261,"stderr":true,"stdout":" 17                -1  1     90880  models.common.C3                        [256, 128, 1, False]          \n"},"type":"ws_msg"}
{"payload":{"local_timestamp":1678620477263,"stderr":true,"stdout":" 18                -1  1    147712  models.common.Conv                      [128, 128, 3, 2]              \n"},"type":"ws_msg"}
{"payload":{"local_timestamp":1678620477263,"stderr":true,"stdout":" 19          [-1, 14]  1         0  models.common.Concat                    [1]                           \n"},"type":"ws_msg"}
{"payload":{"local_timestamp":1678620477268,"stderr":true,"stdout":" 20                -1  1    296448  models.common.C3                        [256, 256, 1, False]          \n"},"type":"ws_msg"}
{"payload":{"local_timestamp":1678620477276,"stderr":true,"stdout":" 21                -1  1    590336  models.common.Conv                      [256, 256, 3, 2]              \n"},"type":"ws_msg"}
{"payload":{"local_timestamp":1678620477277,"stderr":true,"stdout":" 22          [-1, 10]  1         0  models.common.Concat                    [1]                           \n"},"type":"ws_msg"}
{"payload":{"local_timestamp":1678620477288,"stderr":true,"stdout":" 23                -1  1   1182720  models.common.C3                        [512, 512, 1, False]          \n"},"type":"ws_msg"}
{"payload":{"local_timestamp":1678620477290,"stderr":true,"stdout":" 24      [17, 20, 23]  1     18879  models.yolo.Detect                      [2, [[10, 13, 16, 30, 33, 23], [30, 61, 62, 45, 59, 119], [116, 90, 156, 198, 373, 326]], [128, 256, 512]]\n"},"type":"ws_msg"}
{"payload":{"additional_params":{"assetId":"db8d769f74f24e23a9ff8805e1afdffb","context":null,"epoch":null,"extension":"yml","fileName":"conda-environment.yml","overwrite":false,"runId":null,"step":null,"type":"conda-environment-definition"},"clean":true,"file_path":"tmpb999j7sa","local_timestamp":1678620481046,"metadata":{},"upload_type":"conda-environment-definition"},"type":"file_upload"}
{"payload":{"local_timestamp":1678620481054,"stderr":true,"stdout":"mask_YOLOv5s summary: 214 layers, 7025023 parameters, 7025023 gradients, 16.0 GFLOPs\n"},"type":"ws_msg"}
{"payload":{"local_timestamp":1678620481054,"stderr":true,"stdout":"\n"},"type":"ws_msg"}
{"payload":{"additional_params":{"assetId":"9dff6a7065214740af44d66036154b1c","context":null,"epoch":null,"extension":"txt","fileName":"conda-spec.txt","overwrite":false,"runId":null,"step":null,"type":"conda-specification"},"clean":true,"file_path":"tmpkmk47d5b","local_timestamp":1678620482044,"metadata":{},"upload_type":"conda-specification"},"type":"file_upload"}
{"payload":{"local_timestamp":1678620482285,"stderr":true,"stdout":"Transferred 342/349 items from yolov5s.pt\n"},"type":"ws_msg"}
{"payload":{"additional_params":{"assetId":"b18560c9db16429badef21387113d674","context":null,"epoch":null,"extension":"yml","fileName":"conda-info.yml","overwrite":false,"runId":null,"step":null,"type":"conda-info"},"clean":true,"file_path":"tmpshrfswt_","local_timestamp":1678620482682,"metadata":{},"upload_type":"conda-info"},"type":"file_upload"}
{"payload":{"local_timestamp":1678620485550,"stderr":true,"stdout":"\u001b[34m\u001b[1mAMP: \u001b[0mchecks passed \n"},"type":"ws_msg"}
{"payload":{"local_timestamp":1678620485553,"stderr":true,"stdout":"\u001b[34m\u001b[1moptimizer:\u001b[0m SGD(lr=0.01) with parameter groups 57 weight(decay=0.0), 60 weight(decay=0.0005), 60 bias\n"},"type":"ws_msg"}
{"payload":{"local_timestamp":1678620485587,"stderr":true,"stdout":"\r\u001b[34m\u001b[1mtrain: \u001b[0mScanning C:\\Users\\S12\\Desktop\\Yolov5Learn\\yolov5\\det_mask\\labels\\train.cache... 7 images, 0 backgrounds, 4 corrupt: 100%|\u2588\u2588\u2588\u2588\u2588\u2588\u2588\u2588\u2588\u2588| 11/11 [00:0\u001b[0m"},"type":"ws_msg"}
{"payload":{"local_timestamp":1678620485588,"stderr":true,"stdout":"\r\u001b[34m\u001b[1mtrain: \u001b[0mScanning C:\\Users\\S12\\Desktop\\Yolov5Learn\\yolov5\\det_mask\\labels\\train.cache... 7 images, 0 backgrounds, 4 corrupt: 100%|\u2588\u2588\u2588\u2588\u2588\u2588\u2588\u2588\u2588\u2588| 11/11 [00:0\u001b[0m"},"type":"ws_msg"}
{"payload":{"local_timestamp":1678620485588,"stderr":true,"stdout":"\n"},"type":"ws_msg"}
{"payload":{"local_timestamp":1678620485588,"stderr":true,"stdout":"\u001b[34m\u001b[1mtrain: \u001b[0mWARNING  C:\\Users\\S12\\Desktop\\Yolov5Learn\\yolov5\\det_mask\\images\\train\\11.jpg: ignoring corrupt image/label: could not create decoder object\n\u001b[34m\u001b[1mtrain: \u001b[0mWARNING  C:\\Users\\S12\\Desktop\\Yolov5Learn\\yolov5\\det_mask\\images\\train\\22.jpg: ignoring corrupt image/label: could not create decoder object\n\u001b[34m\u001b[1mtrain: \u001b[0mWARNING  C:\\Users\\S12\\Desktop\\Yolov5Learn\\yolov5\\det_mask\\images\\train\\33.jpg: ignoring corrupt image/label: could not create decoder object\n\u001b[34m\u001b[1mtrain: \u001b[0mWARNING  C:\\Users\\S12\\Desktop\\Yolov5Learn\\yolov5\\det_mask\\images\\train\\44.jpg: ignoring corrupt image/label: could not create decoder object\n"},"type":"ws_msg"}
{"payload":{"local_timestamp":1678620485942,"stderr":true,"stdout":"\r\u001b[34m\u001b[1mval: \u001b[0mScanning C:\\Users\\S12\\Desktop\\Yolov5Learn\\yolov5\\det_mask\\labels\\val.cache... 7 images, 0 backgrounds, 4 corrupt: 100%|\u2588\u2588\u2588\u2588\u2588\u2588\u2588\u2588\u2588\u2588| 11/11 [00:00<?,\u001b[0m"},"type":"ws_msg"}
{"payload":{"local_timestamp":1678620485943,"stderr":true,"stdout":"\r\u001b[34m\u001b[1mval: \u001b[0mScanning C:\\Users\\S12\\Desktop\\Yolov5Learn\\yolov5\\det_mask\\labels\\val.cache... 7 images, 0 backgrounds, 4 corrupt: 100%|\u2588\u2588\u2588\u2588\u2588\u2588\u2588\u2588\u2588\u2588| 11/11 [00:00<?,\u001b[0m"},"type":"ws_msg"}
{"payload":{"local_timestamp":1678620485943,"stderr":true,"stdout":"\n"},"type":"ws_msg"}
{"payload":{"local_timestamp":1678620485943,"stderr":true,"stdout":"\u001b[34m\u001b[1mval: \u001b[0mWARNING  C:\\Users\\S12\\Desktop\\Yolov5Learn\\yolov5\\det_mask\\images\\val\\11.jpg: ignoring corrupt image/label: could not create decoder object\n\u001b[34m\u001b[1mval: \u001b[0mWARNING  C:\\Users\\S12\\Desktop\\Yolov5Learn\\yolov5\\det_mask\\images\\val\\22.jpg: ignoring corrupt image/label: could not create decoder object\n\u001b[34m\u001b[1mval: \u001b[0mWARNING  C:\\Users\\S12\\Desktop\\Yolov5Learn\\yolov5\\det_mask\\images\\val\\33.jpg: ignoring corrupt image/label: could not create decoder object\n\u001b[34m\u001b[1mval: \u001b[0mWARNING  C:\\Users\\S12\\Desktop\\Yolov5Learn\\yolov5\\det_mask\\images\\val\\44.jpg: ignoring corrupt image/label: could not create decoder object\n"},"type":"ws_msg"}
{"payload":{"local_timestamp":1678620486781,"stderr":true,"stdout":"\n\u001b[34m\u001b[1mAutoAnchor: \u001b[0m5.07 anchors/target, 1.000 Best Possible Recall (BPR). Current anchors are a good fit to dataset \n"},"type":"ws_msg"}
{"payload":{"local_timestamp":1678620486857,"stderr":true,"stdout":"Plotting labels to runs\\train\\exp5\\labels.jpg... \n"},"type":"ws_msg"}
{"payload":{"additional_params":{"assetId":"1ac7344293fc4eebbc75d1625770b3cc","context":null,"extension":"jpg","fileName":"labels.jpg","overwrite":false,"runId":null,"step":null},"clean":true,"file_path":"tmpc5cessqr","local_timestamp":1678620491091,"metadata":{},"upload_type":"asset"},"type":"file_upload"}
{"payload":{"additional_params":{"assetId":"b3b49011f48846898aa110e3c8353388","context":null,"extension":"jpg","fileName":"labels_correlogram.jpg","overwrite":false,"runId":null,"step":null},"clean":true,"file_path":"tmphafpaub_","local_timestamp":1678620491092,"metadata":{},"upload_type":"asset"},"type":"file_upload"}
{"payload":{"local_timestamp":1678620491094,"param":{"paramName":"cls","paramValue":0.012500000000000002,"source":"manual","step":null}},"type":"parameter_msg"}
{"payload":{"local_timestamp":1678620491099,"stderr":true,"stdout":"Image sizes 640 train, 640 val\nUsing 2 dataloader workers\nLogging results to \u001b[1mruns\\train\\exp5\u001b[0m\nStarting training for 100 epochs...\n"},"type":"ws_msg"}
{"payload":{"local_timestamp":1678620491121,"stderr":true,"stdout":"\n      Epoch    GPU_mem   box_loss   obj_loss   cls_loss  Instances       Size\n"},"type":"ws_msg"}
{"payload":{"local_timestamp":1678620491121,"stderr":true,"stdout":"\r  0%|          | 0/4 [00:00<?, ?it/s]"},"type":"ws_msg"}
{"payload":{"local_timestamp":1678620498744,"stderr":true,"stdout":"\r  0%|          | 0/4 [00:07<?, ?it/s]"},"type":"ws_msg"}
{"payload":{"local_timestamp":1678620498744,"stderr":true,"stdout":"\n"},"type":"ws_msg"}
{"payload":{"local_timestamp":1678620498744,"stderr":true,"stdout":"Traceback (most recent call last):\n"},"type":"ws_msg"}
{"payload":{"local_timestamp":1678620498745,"stderr":true,"stdout":"  File \"D:\\Anaconda3\\envs\\yolov5_test\\lib\\site-packages\\torch\\utils\\data\\dataloader.py\", line 1163, in _try_get_data\n"},"type":"ws_msg"}
{"payload":{"local_timestamp":1678620498746,"stderr":true,"stdout":"    "},"type":"ws_msg"}
{"payload":{"local_timestamp":1678620498746,"stderr":true,"stdout":"data = self._data_queue.get(timeout=timeout)"},"type":"ws_msg"}
{"payload":{"local_timestamp":1678620498746,"stderr":true,"stdout":"\n"},"type":"ws_msg"}
{"payload":{"local_timestamp":1678620498746,"stderr":true,"stdout":"  File \"D:\\Anaconda3\\envs\\yolov5_test\\lib\\queue.py\", line 178, in get\n"},"type":"ws_msg"}
{"payload":{"local_timestamp":1678620498747,"stderr":true,"stdout":"    "},"type":"ws_msg"}
{"payload":{"local_timestamp":1678620498747,"stderr":true,"stdout":"raise Empty"},"type":"ws_msg"}
{"payload":{"local_timestamp":1678620498747,"stderr":true,"stdout":"\n"},"type":"ws_msg"}
{"payload":{"local_timestamp":1678620498747,"stderr":true,"stdout":"_queue"},"type":"ws_msg"}
{"payload":{"local_timestamp":1678620498747,"stderr":true,"stdout":"."},"type":"ws_msg"}
{"payload":{"local_timestamp":1678620498747,"stderr":true,"stdout":"Empty"},"type":"ws_msg"}
{"payload":{"local_timestamp":1678620498747,"stderr":true,"stdout":"\n"},"type":"ws_msg"}
{"payload":{"local_timestamp":1678620498747,"stderr":true,"stdout":"\nThe above exception was the direct cause of the following exception:\n\n"},"type":"ws_msg"}
{"payload":{"local_timestamp":1678620498747,"stderr":true,"stdout":"Traceback (most recent call last):\n"},"type":"ws_msg"}
{"payload":{"local_timestamp":1678620498747,"stderr":true,"stdout":"  File \"train.py\", line 641, in <module>\n"},"type":"ws_msg"}
{"payload":{"local_timestamp":1678620498748,"stderr":true,"stdout":"    "},"type":"ws_msg"}
{"payload":{"local_timestamp":1678620498748,"stderr":true,"stdout":"main(opt)"},"type":"ws_msg"}
{"payload":{"local_timestamp":1678620498748,"stderr":true,"stdout":"\n"},"type":"ws_msg"}
{"payload":{"local_timestamp":1678620498748,"stderr":true,"stdout":"  File \"train.py\", line 530, in main\n"},"type":"ws_msg"}
{"payload":{"local_timestamp":1678620498748,"stderr":true,"stdout":"    "},"type":"ws_msg"}
{"payload":{"local_timestamp":1678620498748,"stderr":true,"stdout":"train(opt.hyp, opt, device, callbacks)"},"type":"ws_msg"}
{"payload":{"local_timestamp":1678620498748,"stderr":true,"stdout":"\n"},"type":"ws_msg"}
{"payload":{"local_timestamp":1678620498748,"stderr":true,"stdout":"  File \"train.py\", line 285, in train\n"},"type":"ws_msg"}
{"payload":{"local_timestamp":1678620498748,"stderr":true,"stdout":"    "},"type":"ws_msg"}
{"payload":{"local_timestamp":1678620498748,"stderr":true,"stdout":"for i, (imgs, targets, paths, _) in pbar:  # batch -------------------------------------------------------------"},"type":"ws_msg"}
{"payload":{"local_timestamp":1678620498748,"stderr":true,"stdout":"\n"},"type":"ws_msg"}
{"payload":{"local_timestamp":1678620498748,"stderr":true,"stdout":"  File \"D:\\Anaconda3\\envs\\yolov5_test\\lib\\site-packages\\tqdm\\std.py\", line 1178, in __iter__\n"},"type":"ws_msg"}
{"payload":{"local_timestamp":1678620498749,"stderr":true,"stdout":"    "},"type":"ws_msg"}
{"payload":{"local_timestamp":1678620498749,"stderr":true,"stdout":"for obj in iterable:"},"type":"ws_msg"}
{"payload":{"local_timestamp":1678620498749,"stderr":true,"stdout":"\n"},"type":"ws_msg"}
{"payload":{"local_timestamp":1678620498749,"stderr":true,"stdout":"  File \"C:\\Users\\S12\\Desktop\\Yolov5Learn\\yolov5\\utils\\dataloaders.py\", line 172, in __iter__\n"},"type":"ws_msg"}
{"payload":{"local_timestamp":1678620498749,"stderr":true,"stdout":"    "},"type":"ws_msg"}
{"payload":{"local_timestamp":1678620498749,"stderr":true,"stdout":"yield next(self.iterator)"},"type":"ws_msg"}
{"payload":{"local_timestamp":1678620498749,"stderr":true,"stdout":"\n"},"type":"ws_msg"}
{"payload":{"local_timestamp":1678620498749,"stderr":true,"stdout":"  File \"D:\\Anaconda3\\envs\\yolov5_test\\lib\\site-packages\\torch\\utils\\data\\dataloader.py\", line 681, in __next__\n"},"type":"ws_msg"}
{"payload":{"local_timestamp":1678620498749,"stderr":true,"stdout":"    "},"type":"ws_msg"}
{"payload":{"local_timestamp":1678620498749,"stderr":true,"stdout":"data = self._next_data()"},"type":"ws_msg"}
{"payload":{"local_timestamp":1678620498749,"stderr":true,"stdout":"\n"},"type":"ws_msg"}
{"payload":{"local_timestamp":1678620498749,"stderr":true,"stdout":"  File \"D:\\Anaconda3\\envs\\yolov5_test\\lib\\site-packages\\torch\\utils\\data\\dataloader.py\", line 1359, in _next_data\n"},"type":"ws_msg"}
{"payload":{"local_timestamp":1678620498750,"stderr":true,"stdout":"    "},"type":"ws_msg"}
{"payload":{"local_timestamp":1678620498750,"stderr":true,"stdout":"idx, data = self._get_data()"},"type":"ws_msg"}
{"payload":{"local_timestamp":1678620498750,"stderr":true,"stdout":"\n"},"type":"ws_msg"}
{"payload":{"local_timestamp":1678620498750,"stderr":true,"stdout":"  File \"D:\\Anaconda3\\envs\\yolov5_test\\lib\\site-packages\\torch\\utils\\data\\dataloader.py\", line 1315, in _get_data\n"},"type":"ws_msg"}
{"payload":{"local_timestamp":1678620498750,"stderr":true,"stdout":"    "},"type":"ws_msg"}
{"payload":{"local_timestamp":1678620498750,"stderr":true,"stdout":"success, data = self._try_get_data()"},"type":"ws_msg"}
{"payload":{"local_timestamp":1678620498750,"stderr":true,"stdout":"\n"},"type":"ws_msg"}
{"payload":{"local_timestamp":1678620498750,"stderr":true,"stdout":"  File \"D:\\Anaconda3\\envs\\yolov5_test\\lib\\site-packages\\torch\\utils\\data\\dataloader.py\", line 1176, in _try_get_data\n"},"type":"ws_msg"}
{"payload":{"local_timestamp":1678620498750,"stderr":true,"stdout":"    "},"type":"ws_msg"}
{"payload":{"local_timestamp":1678620498751,"stderr":true,"stdout":"raise RuntimeError('DataLoader worker (pid(s) {}) exited unexpectedly'.format(pids_str)) from e"},"type":"ws_msg"}
{"payload":{"local_timestamp":1678620498751,"stderr":true,"stdout":"\n"},"type":"ws_msg"}
{"payload":{"local_timestamp":1678620498751,"stderr":true,"stdout":"RuntimeError"},"type":"ws_msg"}
{"payload":{"local_timestamp":1678620498751,"stderr":true,"stdout":": "},"type":"ws_msg"}
{"payload":{"local_timestamp":1678620498751,"stderr":true,"stdout":"DataLoader worker (pid(s) 37804) exited unexpectedly"},"type":"ws_msg"}
{"payload":{"local_timestamp":1678620498751,"stderr":true,"stdout":"\n"},"type":"ws_msg"}
{"payload":{"local_timestamp":1678620498751,"stderr":true,"stdout":"COMET INFO: ---------------------------------------------------------------------------------------\n"},"type":"ws_msg"}
{"payload":{"local_timestamp":1678620498752,"stderr":true,"stdout":"COMET INFO: Comet.ml OfflineExperiment Summary\n"},"type":"ws_msg"}
{"payload":{"local_timestamp":1678620498752,"stderr":true,"stdout":"COMET INFO: ---------------------------------------------------------------------------------------\n"},"type":"ws_msg"}
{"payload":{"local_timestamp":1678620498752,"stderr":true,"stdout":"COMET INFO:   Data:\n"},"type":"ws_msg"}
{"payload":{"local_timestamp":1678620498752,"stderr":true,"stdout":"COMET INFO:     display_summary_level : 1\n"},"type":"ws_msg"}
{"payload":{"local_timestamp":1678620498752,"stderr":true,"stdout":"COMET INFO:     url                   : [OfflineExperiment will get URL after upload]\n"},"type":"ws_msg"}
{"payload":{"local_timestamp":1678620498752,"stderr":true,"stdout":"COMET INFO:   Others:\n"},"type":"ws_msg"}
{"payload":{"local_timestamp":1678620498752,"stderr":true,"stdout":"COMET INFO:     Created from                : YOLOv5\n"},"type":"ws_msg"}
{"payload":{"local_timestamp":1678620498752,"stderr":true,"stdout":"COMET INFO:     comet_log_batch_metrics     : False\n"},"type":"ws_msg"}
{"payload":{"local_timestamp":1678620498752,"stderr":true,"stdout":"COMET INFO:     comet_log_confusion_matrix  : True\n"},"type":"ws_msg"}
{"payload":{"local_timestamp":1678620498752,"stderr":true,"stdout":"COMET INFO:     comet_log_per_class_metrics : False\n"},"type":"ws_msg"}
{"payload":{"local_timestamp":1678620498752,"stderr":true,"stdout":"COMET INFO:     comet_max_image_uploads     : 100\n"},"type":"ws_msg"}
{"payload":{"local_timestamp":1678620498752,"stderr":true,"stdout":"COMET INFO:     comet_mode                  : online\n"},"type":"ws_msg"}
{"payload":{"local_timestamp":1678620498752,"stderr":true,"stdout":"COMET INFO:     comet_model_name            : yolov5\n"},"type":"ws_msg"}
{"payload":{"local_timestamp":1678620498752,"stderr":true,"stdout":"COMET INFO:     offline_experiment          : True\n"},"type":"ws_msg"}
{"payload":{"local_timestamp":1678620498753,"stderr":true,"stdout":"COMET INFO:   Parameters:\n"},"type":"ws_msg"}
{"payload":{"local_timestamp":1678620498753,"stderr":true,"stdout":"COMET INFO:     anchor_t           : 4.0\n"},"type":"ws_msg"}
{"payload":{"local_timestamp":1678620498753,"stderr":true,"stdout":"COMET INFO:     artifact_alias     : latest\n"},"type":"ws_msg"}
{"payload":{"local_timestamp":1678620498753,"stderr":true,"stdout":"COMET INFO:     batch_size         : 2\n"},"type":"ws_msg"}
{"payload":{"local_timestamp":1678620498753,"stderr":true,"stdout":"COMET INFO:     bbox_interval      : -1\n"},"type":"ws_msg"}
{"payload":{"local_timestamp":1678620498753,"stderr":true,"stdout":"COMET INFO:     box                : 0.05\n"},"type":"ws_msg"}
{"payload":{"local_timestamp":1678620498753,"stderr":true,"stdout":"COMET INFO:     bucket             : \n"},"type":"ws_msg"}
{"payload":{"local_timestamp":1678620498753,"stderr":true,"stdout":"COMET INFO:     cache              : 1\n"},"type":"ws_msg"}
{"payload":{"local_timestamp":1678620498753,"stderr":true,"stdout":"COMET INFO:     cls                : 0.012500000000000002\n"},"type":"ws_msg"}
{"payload":{"local_timestamp":1678620498753,"stderr":true,"stdout":"COMET INFO:     cls_pw             : 1.0\n"},"type":"ws_msg"}
{"payload":{"local_timestamp":1678620498753,"stderr":true,"stdout":"COMET INFO:     copy_paste         : 0.0\n"},"type":"ws_msg"}
{"payload":{"local_timestamp":1678620498753,"stderr":true,"stdout":"COMET INFO:     cos_lr             : False\n"},"type":"ws_msg"}
{"payload":{"local_timestamp":1678620498753,"stderr":true,"stdout":"COMET INFO:     degrees            : 0.0\n"},"type":"ws_msg"}
{"payload":{"local_timestamp":1678620498753,"stderr":true,"stdout":"COMET INFO:     entity             : 1\n"},"type":"ws_msg"}
{"payload":{"local_timestamp":1678620498754,"stderr":true,"stdout":"COMET INFO:     epochs             : 100\n"},"type":"ws_msg"}
{"payload":{"local_timestamp":1678620498754,"stderr":true,"stdout":"COMET INFO:     evolve             : 1\n"},"type":"ws_msg"}
{"payload":{"local_timestamp":1678620498754,"stderr":true,"stdout":"COMET INFO:     exist_ok           : False\n"},"type":"ws_msg"}
{"payload":{"local_timestamp":1678620498754,"stderr":true,"stdout":"COMET INFO:     fl_gamma           : 0.0\n"},"type":"ws_msg"}
{"payload":{"local_timestamp":1678620498754,"stderr":true,"stdout":"COMET INFO:     fliplr             : 0.5\n"},"type":"ws_msg"}
{"payload":{"local_timestamp":1678620498754,"stderr":true,"stdout":"COMET INFO:     flipud             : 0.0\n"},"type":"ws_msg"}
{"payload":{"local_timestamp":1678620498754,"stderr":true,"stdout":"COMET INFO:     freeze             : [0]\n"},"type":"ws_msg"}
{"payload":{"local_timestamp":1678620498754,"stderr":true,"stdout":"COMET INFO:     hsv_h              : 0.015\n"},"type":"ws_msg"}
{"payload":{"local_timestamp":1678620498754,"stderr":true,"stdout":"COMET INFO:     hsv_s              : 0.7\n"},"type":"ws_msg"}
{"payload":{"local_timestamp":1678620498754,"stderr":true,"stdout":"COMET INFO:     hsv_v              : 0.4\n"},"type":"ws_msg"}
{"payload":{"local_timestamp":1678620498754,"stderr":true,"stdout":"COMET INFO:     hyp                : {\"anchor_t\": 4.0, \"box\": 0.05, \"cls\": 0.5, \"cls_pw\": 1.0, \"copy_paste\": 0.0, \"degrees\": 0.0, \"fl_gamma\": 0.0, \"fliplr\": 0.5, \"flipud\": 0.0, \"hsv_h\": 0.015, \"hsv_s\": 0.7, \"hsv_v\": 0.4, \"iou_t\": 0.2, \"lr0\": 0.01, \"lrf\": 0.01, \"mixup\": 0.0, \"momentum\": 0.937, \"mosaic\": 1.0, \"obj\": 1.0, \"obj_pw\": 1.0, \"perspective\": 0.0, \"scale\": 0.5, \"shear\": 0.0, \"translate\": 0.1, \"warmup_bias_lr\": 0.1, \"warmup_epochs\": 3.0, \"warmup_momentum\": 0.8, \"weight_decay\": 0.0005}\n"},"type":"ws_msg"}
{"payload":{"local_timestamp":1678620498754,"stderr":true,"stdout":"COMET INFO:     image_weights      : False\n"},"type":"ws_msg"}
{"payload":{"local_timestamp":1678620498754,"stderr":true,"stdout":"COMET INFO:     imgsz              : 640\n"},"type":"ws_msg"}
{"payload":{"local_timestamp":1678620498754,"stderr":true,"stdout":"COMET INFO:     iou_t              : 0.2\n"},"type":"ws_msg"}
{"payload":{"local_timestamp":1678620498755,"stderr":true,"stdout":"COMET INFO:     label_smoothing    : 0.0\n"},"type":"ws_msg"}
{"payload":{"local_timestamp":1678620498755,"stderr":true,"stdout":"COMET INFO:     local_rank         : -1\n"},"type":"ws_msg"}
{"payload":{"local_timestamp":1678620498755,"stderr":true,"stdout":"COMET INFO:     lr0                : 0.01\n"},"type":"ws_msg"}
{"payload":{"local_timestamp":1678620498755,"stderr":true,"stdout":"COMET INFO:     lrf                : 0.01\n"},"type":"ws_msg"}
{"payload":{"local_timestamp":1678620498755,"stderr":true,"stdout":"COMET INFO:     mixup              : 0.0\n"},"type":"ws_msg"}
{"payload":{"local_timestamp":1678620498755,"stderr":true,"stdout":"COMET INFO:     momentum           : 0.937\n"},"type":"ws_msg"}
{"payload":{"local_timestamp":1678620498755,"stderr":true,"stdout":"COMET INFO:     mosaic             : 1.0\n"},"type":"ws_msg"}
{"payload":{"local_timestamp":1678620498755,"stderr":true,"stdout":"COMET INFO:     multi_scale        : False\n"},"type":"ws_msg"}
{"payload":{"local_timestamp":1678620498755,"stderr":true,"stdout":"COMET INFO:     name               : exp\n"},"type":"ws_msg"}
{"payload":{"local_timestamp":1678620498756,"stderr":true,"stdout":"COMET INFO:     noautoanchor       : False\n"},"type":"ws_msg"}
{"payload":{"local_timestamp":1678620498756,"stderr":true,"stdout":"COMET INFO:     noplots            : False\n"},"type":"ws_msg"}
{"payload":{"local_timestamp":1678620498756,"stderr":true,"stdout":"COMET INFO:     nosave             : False\n"},"type":"ws_msg"}
{"payload":{"local_timestamp":1678620498756,"stderr":true,"stdout":"COMET INFO:     noval              : False\n"},"type":"ws_msg"}
{"payload":{"local_timestamp":1678620498756,"stderr":true,"stdout":"COMET INFO:     obj                : 1.0\n"},"type":"ws_msg"}
{"payload":{"local_timestamp":1678620498756,"stderr":true,"stdout":"COMET INFO:     obj_pw             : 1.0\n"},"type":"ws_msg"}
{"payload":{"local_timestamp":1678620498756,"stderr":true,"stdout":"COMET INFO:     optimizer          : SGD\n"},"type":"ws_msg"}
{"payload":{"local_timestamp":1678620498756,"stderr":true,"stdout":"COMET INFO:     patience           : 100\n"},"type":"ws_msg"}
{"payload":{"local_timestamp":1678620498756,"stderr":true,"stdout":"COMET INFO:     perspective        : 0.0\n"},"type":"ws_msg"}
{"payload":{"local_timestamp":1678620498756,"stderr":true,"stdout":"COMET INFO:     project            : runs\\train\n"},"type":"ws_msg"}
{"payload":{"local_timestamp":1678620498756,"stderr":true,"stdout":"COMET INFO:     quad               : False\n"},"type":"ws_msg"}
{"payload":{"local_timestamp":1678620498756,"stderr":true,"stdout":"COMET INFO:     rect               : False\n"},"type":"ws_msg"}
{"payload":{"local_timestamp":1678620498756,"stderr":true,"stdout":"COMET INFO:     resume             : False\n"},"type":"ws_msg"}
{"payload":{"local_timestamp":1678620498757,"stderr":true,"stdout":"COMET INFO:     save_dir           : runs\\train\\exp5\n"},"type":"ws_msg"}
{"payload":{"local_timestamp":1678620498757,"stderr":true,"stdout":"COMET INFO:     save_period        : -1\n"},"type":"ws_msg"}
{"payload":{"local_timestamp":1678620498757,"stderr":true,"stdout":"COMET INFO:     scale              : 0.5\n"},"type":"ws_msg"}
{"payload":{"local_timestamp":1678620498757,"stderr":true,"stdout":"COMET INFO:     seed               : 0\n"},"type":"ws_msg"}
{"payload":{"local_timestamp":1678620498757,"stderr":true,"stdout":"COMET INFO:     shear              : 0.0\n"},"type":"ws_msg"}
{"payload":{"local_timestamp":1678620498757,"stderr":true,"stdout":"COMET INFO:     single_cls         : False\n"},"type":"ws_msg"}
{"payload":{"local_timestamp":1678620498757,"stderr":true,"stdout":"COMET INFO:     sync_bn            : False\n"},"type":"ws_msg"}
{"payload":{"local_timestamp":1678620498757,"stderr":true,"stdout":"COMET INFO:     translate          : 0.1\n"},"type":"ws_msg"}
{"payload":{"local_timestamp":1678620498757,"stderr":true,"stdout":"COMET INFO:     upload_dataset     : False\n"},"type":"ws_msg"}
{"payload":{"local_timestamp":1678620498757,"stderr":true,"stdout":"COMET INFO:     val_conf_threshold : 0.001\n"},"type":"ws_msg"}
{"payload":{"local_timestamp":1678620498757,"stderr":true,"stdout":"COMET INFO:     val_iou_threshold  : 0.6\n"},"type":"ws_msg"}
{"payload":{"local_timestamp":1678620498757,"stderr":true,"stdout":"COMET INFO:     warmup_bias_lr     : 0.1\n"},"type":"ws_msg"}
{"payload":{"local_timestamp":1678620498758,"stderr":true,"stdout":"COMET INFO:     warmup_epochs      : 3.0\n"},"type":"ws_msg"}
{"payload":{"local_timestamp":1678620498758,"stderr":true,"stdout":"COMET INFO:     warmup_momentum    : 0.8\n"},"type":"ws_msg"}
{"payload":{"local_timestamp":1678620498758,"stderr":true,"stdout":"COMET INFO:     weight_decay       : 0.0005\n"},"type":"ws_msg"}
{"payload":{"local_timestamp":1678620498758,"stderr":true,"stdout":"COMET INFO:     workers            : 4\n"},"type":"ws_msg"}
{"payload":{"local_timestamp":1678620498758,"stderr":true,"stdout":"COMET INFO:   Uploads:\n"},"type":"ws_msg"}
{"payload":{"local_timestamp":1678620498758,"stderr":true,"stdout":"COMET INFO:     asset                        : 5 (244.79 KB)\n"},"type":"ws_msg"}
{"payload":{"local_timestamp":1678620498758,"stderr":true,"stdout":"COMET INFO:     conda-environment-definition : 1\n"},"type":"ws_msg"}
{"payload":{"local_timestamp":1678620498758,"stderr":true,"stdout":"COMET INFO:     conda-info                   : 1\n"},"type":"ws_msg"}
{"payload":{"local_timestamp":1678620498758,"stderr":true,"stdout":"COMET INFO:     conda-specification          : 1\n"},"type":"ws_msg"}
{"payload":{"local_timestamp":1678620498758,"stderr":true,"stdout":"COMET INFO:     environment details          : 1\n"},"type":"ws_msg"}
{"payload":{"local_timestamp":1678620498758,"stderr":true,"stdout":"COMET INFO:     installed packages           : 1\n"},"type":"ws_msg"}
{"payload":{"local_timestamp":1678620498758,"stderr":true,"stdout":"COMET INFO: \n"},"type":"ws_msg"}
{"payload":{"local_timestamp":1678620498758,"stderr":true,"stdout":"COMET WARNING: Experiment Name is generated at upload time for Offline Experiments unless set explicitly with Experiment.set_name\n"},"type":"ws_msg"}
{"payload":{"local_timestamp":1678620498759,"stderr":true,"stdout":"COMET WARNING: Comet has disabled auto-logging functionality as it has been imported after the following ML modules: tensorboard, torch. Metrics and hyperparameters can still be logged using Experiment.log_metrics() and Experiment.log_parameters()\n"},"type":"ws_msg"}
{"payload":{"local_timestamp":1678620498759,"log_other":{"key":"sys.already_imported_modules","val":"[\"tensorboard\", \"torch\"]"}},"type":"ws_msg"}
