{"offline_id": "8e2fa357fea447ad8338aad0e8e4bd65", "project_name": "yolov5", "start_time": 1678619771190, "stop_time": 1678619849307, "tags": [], "workspace": null, "resume_strategy": "create", "customer_error_reported": true, "customer_error_message": "Unexpected error detected in the user script: error('Caught error in DataLoader worker process 1.\\nOriginal Traceback (most recent call last):\\n  File \"D:\\\\Anaconda3\\\\envs\\\\yolov5_test\\\\lib\\\\site-packages\\\\torch\\\\utils\\\\data\\\\_utils\\\\worker.py\", line 302, in _worker_loop\\n    data = fetcher.fetch(index)\\n  File \"D:\\\\Anaconda3\\\\envs\\\\yolov5_test\\\\lib\\\\site-packages\\\\torch\\\\utils\\\\data\\\\_utils\\\\fetch.py\", line 49, in fetch\\n    data = [self.dataset[idx] for idx in possibly_batched_index]\\n  File \"D:\\\\Anaconda3\\\\envs\\\\yolov5_test\\\\lib\\\\site-packages\\\\torch\\\\utils\\\\data\\\\_utils\\\\fetch.py\", line 49, in <listcomp>\\n    data = [self.dataset[idx] for idx in possibly_batched_index]\\n  File \"C:\\\\Users\\\\S12\\\\Desktop\\\\Yolov5Learn\\\\yolov5\\\\utils\\\\dataloaders.py\", line 660, in __getitem__\\n    img, labels = self.load_mosaic(index)\\n  File \"C:\\\\Users\\\\S12\\\\Desktop\\\\Yolov5Learn\\\\yolov5\\\\utils\\\\dataloaders.py\", line 759, in load_mosaic\\n    img, _, (h, w) = self.load_image(index)\\n  File \"C:\\\\Users\\\\S12\\\\Desktop\\\\Yolov5Learn\\\\yolov5\\\\utils\\\\dataloaders.py\", line 734, in load_image\\n    im = cv2.imread(f)  # BGR\\n  File \"C:\\\\Users\\\\S12\\\\Desktop\\\\Yolov5Learn\\\\yolov5\\\\utils\\\\general.py\", line 1123, in imread\\n    return cv2.imdecode(np.fromfile(path, np.uint8), flags)\\ncv2.error: OpenCV(4.7.0) D:\\\\a\\\\opencv-python\\\\opencv-python\\\\opencv\\\\modules\\\\core\\\\src\\\\alloc.cpp:73: error: (-4:Insufficient memory) Failed to allocate 41696640 bytes in function \\'cv::OutOfMemoryError\\'\\n\\n')"}