{"payload":{"installed_packages":["absl-py==1.4.0","attrs==22.2.0","brotlipy==0.7.0","cachetools==5.3.0","certifi==2022.12.7","cffi==1.15.1","charset-normalizer==2.1.1","clearml==1.9.3","colorama==0.4.6","comet-ml==3.32.4","configobj==5.0.8","contourpy==1.0.7","cryptography==37.0.4","cycler==0.11.0","dulwich==0.21.3","everett==3.1.0","fonttools==4.39.0","furl==2.1.3","gitdb==4.0.10","gitpython==3.1.31","google-auth-oauthlib==0.4.6","google-auth==2.16.2","grpcio==1.51.3","idna==3.4","imgviz==1.7.2","importlib-metadata==6.0.0","importlib-resources==5.12.0","jsonschema==4.17.3","kiwisolver==1.4.4","labelimg==1.8.6","labelme==5.1.1","lxml==4.9.2","markdown==3.4.1","markupsafe==2.1.2","matplotlib==3.7.1","natsort==8.3.1","numpy==1.23.2","oauthlib==3.2.2","opencv-python==4.7.0.72","orderedmultidict==1.0.1","packaging==23.0","pandas==1.5.3","pathlib2==2.3.7.post1","pillow==9.2.0","pip==23.0.1","pkgutil-resolve-name==1.3.10","protobuf==4.22.1","psutil==5.9.4","pyasn1-modules==0.2.8","pyasn1==0.4.8","pycparser==2.21","pyjwt==2.4.0","pyopenssl==22.0.0","pyparsing==3.0.9","pyqt5-qt5==5.15.2","pyqt5-sip==12.11.1","pyqt5==5.15.9","pyrsistent==0.19.3","pysocks==1.7.1","python-box==6.1.0","python-dateutil==2.8.2","pytz==2022.7.1","pyyaml==6.0","qtpy==2.3.0","requests-oauthlib==1.3.1","requests-toolbelt==0.10.1","requests==2.28.2","rsa==4.9","scipy==1.10.1","seaborn==0.12.2","semantic-version==2.10.0","sentry-sdk==1.16.0","setuptools==65.6.3","simplejson==3.18.3","six==1.16.0","smmap==5.0.0","tensorboard-data-server==0.7.0","tensorboard-plugin-wit==1.8.1","tensorboard==2.12.0","termcolor==2.2.0","thop==0.1.1.post2209072238","torch==1.12.1","torchaudio==0.12.1","torchvision==0.13.1","tqdm==4.65.0","typing-extensions==4.4.0","urllib3==1.26.14","websocket-client==1.3.3","werkzeug==2.2.3","wheel==0.38.4","win-inet-pton==1.1.0","wincertstore==0.2","wrapt==1.15.0","wurlitzer==3.0.3","zipp==3.15.0"],"local_timestamp":1678619771191},"type":"ws_msg"}
{"payload":{"env_details":{"command":["train.py","--data","mask_data.yaml","--cfg","mask_yolov5s.yaml","--weights","yolov5s.pt","--epoch","100","--batch-size","2","--device","0"],"env":null,"hostname":"DESKTOP-EBHJU3L","ip":"192.168.1.4","machine":"AMD64","os":"Windows-10-10.0.19044-SP0","os_release":"10","os_type":"Windows","pid":580,"processor":"Intel64 Family 6 Model 151 Stepping 5, GenuineIntel","python_exe":"D:\\Anaconda3\\envs\\yolov5_test\\python.exe","python_version":"3.8.16","python_version_verbose":"3.8.16 (default, Mar  2 2023, 03:18:16) [MSC v.1916 64 bit (AMD64)]","user":"S12"},"local_timestamp":1678619771427},"type":"ws_msg"}
{"payload":{"gpu_static_info":[{"gpu_index":0,"name":"NVIDIA GeForce RTX 3060","power_limit":170000,"total_memory":12884901888,"uuid":"GPU-dfda1428-5596-04db-891d-78db4381a1f7"}],"local_timestamp":1678619771458},"type":"ws_msg"}
{"payload":{"local_timestamp":1678619771461,"metric":{"epoch":null,"metricName":"sys.gpu.0.total_memory","metricValue":12884901888,"step":null}},"type":"metric_msg"}
{"payload":{"local_timestamp":1678619771600,"param":{"paramName":"data","paramValue":"mask_data.yaml","source":"cli","step":null}},"type":"parameter_msg"}
{"payload":{"local_timestamp":1678619771600,"param":{"paramName":"cfg","paramValue":"mask_yolov5s.yaml","source":"cli","step":null}},"type":"parameter_msg"}
{"payload":{"local_timestamp":1678619771600,"param":{"paramName":"weights","paramValue":"yolov5s.pt","source":"cli","step":null}},"type":"parameter_msg"}
{"payload":{"local_timestamp":1678619771600,"param":{"paramName":"epoch","paramValue":100,"source":"cli","step":null}},"type":"parameter_msg"}
{"payload":{"local_timestamp":1678619771601,"param":{"paramName":"batch-size","paramValue":2,"source":"cli","step":null}},"type":"parameter_msg"}
{"payload":{"local_timestamp":1678619771601,"param":{"paramName":"device","paramValue":0,"source":"cli","step":null}},"type":"parameter_msg"}
{"payload":{"local_timestamp":1678619771601,"metric":{"epoch":null,"metricName":"sys.cpu.percent.avg","metricValue":12.133333333333335,"step":null}},"type":"metric_msg"}
{"payload":{"local_timestamp":1678619771601,"metric":{"epoch":null,"metricName":"sys.cpu.percent.01","metricValue":9.7,"step":null}},"type":"metric_msg"}
{"payload":{"local_timestamp":1678619771601,"metric":{"epoch":null,"metricName":"sys.cpu.percent.02","metricValue":2.1,"step":null}},"type":"metric_msg"}
{"payload":{"local_timestamp":1678619771601,"metric":{"epoch":null,"metricName":"sys.cpu.percent.03","metricValue":10.5,"step":null}},"type":"metric_msg"}
{"payload":{"local_timestamp":1678619771601,"metric":{"epoch":null,"metricName":"sys.cpu.percent.04","metricValue":5.6,"step":null}},"type":"metric_msg"}
{"payload":{"local_timestamp":1678619771601,"metric":{"epoch":null,"metricName":"sys.cpu.percent.05","metricValue":10.4,"step":null}},"type":"metric_msg"}
{"payload":{"local_timestamp":1678619771601,"metric":{"epoch":null,"metricName":"sys.cpu.percent.06","metricValue":5.6,"step":null}},"type":"metric_msg"}
{"payload":{"local_timestamp":1678619771601,"metric":{"epoch":null,"metricName":"sys.cpu.percent.07","metricValue":11.1,"step":null}},"type":"metric_msg"}
{"payload":{"local_timestamp":1678619771601,"metric":{"epoch":null,"metricName":"sys.cpu.percent.08","metricValue":5.6,"step":null}},"type":"metric_msg"}
{"payload":{"local_timestamp":1678619771601,"metric":{"epoch":null,"metricName":"sys.cpu.percent.09","metricValue":11.1,"step":null}},"type":"metric_msg"}
{"payload":{"local_timestamp":1678619771601,"metric":{"epoch":null,"metricName":"sys.cpu.percent.10","metricValue":13.2,"step":null}},"type":"metric_msg"}
{"payload":{"local_timestamp":1678619771601,"metric":{"epoch":null,"metricName":"sys.cpu.percent.11","metricValue":10.4,"step":null}},"type":"metric_msg"}
{"payload":{"local_timestamp":1678619771601,"metric":{"epoch":null,"metricName":"sys.cpu.percent.12","metricValue":50.3,"step":null}},"type":"metric_msg"}
{"payload":{"local_timestamp":1678619771601,"metric":{"epoch":null,"metricName":"sys.load.avg","metricValue":0.0,"step":null}},"type":"metric_msg"}
{"payload":{"local_timestamp":1678619771601,"metric":{"epoch":null,"metricName":"sys.ram.total","metricValue":17014095872,"step":null}},"type":"metric_msg"}
{"payload":{"local_timestamp":1678619771601,"metric":{"epoch":null,"metricName":"sys.ram.used","metricValue":9470136320,"step":null}},"type":"metric_msg"}
{"payload":{"local_timestamp":1678619771601,"log_other":{"key":"offline_experiment","val":true}},"type":"ws_msg"}
{"payload":{"additional_params":{"assetId":"f14fcc7c7dc047a2a4c9a68303364aa1","context":null,"extension":"yaml","fileName":"mask_data.yaml","overwrite":false,"runId":null,"step":null},"clean":true,"file_path":"tmpdulo4fux","local_timestamp":1678619771604,"metadata":{"type":"data-config-file"},"upload_type":"asset"},"type":"file_upload"}
{"payload":{"local_timestamp":1678619771607,"stderr":true,"stdout":"Downloading https://ultralytics.com/assets/Arial.ttf to C:\\Users\\S12\\AppData\\Roaming\\Ultralytics\\Arial.ttf...\n"},"type":"ws_msg"}
{"payload":{"local_timestamp":1678619771619,"metric":{"epoch":null,"metricName":"sys.gpu.0.free_memory","metricValue":11946237952,"step":null}},"type":"metric_msg"}
{"payload":{"local_timestamp":1678619771619,"metric":{"epoch":null,"metricName":"sys.gpu.0.gpu_utilization","metricValue":12,"step":null}},"type":"metric_msg"}
{"payload":{"local_timestamp":1678619771619,"metric":{"epoch":null,"metricName":"sys.gpu.0.power_usage","metricValue":15943,"step":null}},"type":"metric_msg"}
{"payload":{"local_timestamp":1678619771619,"metric":{"epoch":null,"metricName":"sys.gpu.0.temperature","metricValue":42,"step":null}},"type":"metric_msg"}
{"payload":{"local_timestamp":1678619771619,"metric":{"epoch":null,"metricName":"sys.gpu.0.used_memory","metricValue":938663936,"step":null}},"type":"metric_msg"}
{"payload":{"additional_params":{"assetId":"77c06f13e50b411aaf9d56fd0fc3365f","context":null,"epoch":null,"extension":"yml","fileName":"conda-environment.yml","overwrite":false,"runId":null,"step":null,"type":"conda-environment-definition"},"clean":true,"file_path":"tmpbynglvmc","local_timestamp":1678619773156,"metadata":{},"upload_type":"conda-environment-definition"},"type":"file_upload"}
{"payload":{"local_timestamp":1678619773456,"stderr":true,"stdout":"\r  0%|                                                                                                                       | 0.00/755k [00:00<?, ?B/s]"},"type":"ws_msg"}
{"payload":{"local_timestamp":1678619773571,"stderr":true,"stdout":"\r  1%|\u2588\u258f                                                                                                            | 8.00k/755k [00:00<00:10, 71.9kB/s]"},"type":"ws_msg"}
{"payload":{"additional_params":{"assetId":"ec5c5fba35b44d388fc14a9897abe02f","context":null,"epoch":null,"extension":"txt","fileName":"conda-spec.txt","overwrite":false,"runId":null,"step":null,"type":"conda-specification"},"clean":true,"file_path":"tmpbfrlaiqv","local_timestamp":1678619773578,"metadata":{},"upload_type":"conda-specification"},"type":"file_upload"}
{"payload":{"local_timestamp":1678619773698,"stderr":true,"stdout":"\r  4%|\u2588\u2588\u2588\u2588\u258b                                                                                                          | 32.0k/755k [00:00<00:05, 146kB/s]"},"type":"ws_msg"}
{"payload":{"additional_params":{"assetId":"88caabbc0d814c1e85f82f3ee89eb0ab","context":null,"epoch":null,"extension":"yml","fileName":"conda-info.yml","overwrite":false,"runId":null,"step":null,"type":"conda-info"},"clean":true,"file_path":"tmpj58igky7","local_timestamp":1678619773908,"metadata":{},"upload_type":"conda-info"},"type":"file_upload"}
{"payload":{"local_timestamp":1678619774025,"stderr":true,"stdout":"\r  8%|\u2588\u2588\u2588\u2588\u2588\u2588\u2588\u2588\u2588\u258d                                                                                                     | 64.0k/755k [00:00<00:06, 114kB/s]"},"type":"ws_msg"}
{"payload":{"local_timestamp":1678619774298,"stderr":true,"stdout":"\r 13%|\u2588\u2588\u2588\u2588\u2588\u2588\u2588\u2588\u2588\u2588\u2588\u2588\u2588\u2588                                                                                                 | 96.0k/755k [00:00<00:05, 117kB/s]"},"type":"ws_msg"}
{"payload":{"local_timestamp":1678619774549,"stderr":true,"stdout":"\r 15%|\u2588\u2588\u2588\u2588\u2588\u2588\u2588\u2588\u2588\u2588\u2588\u2588\u2588\u2588\u2588\u2588\u258d                                                                                              | 112k/755k [00:01<00:06, 97.5kB/s]"},"type":"ws_msg"}
{"payload":{"local_timestamp":1678619774759,"stderr":true,"stdout":"\r 17%|\u2588\u2588\u2588\u2588\u2588\u2588\u2588\u2588\u2588\u2588\u2588\u2588\u2588\u2588\u2588\u2588\u2588\u2588\u258a                                                                                            | 128k/755k [00:01<00:06, 91.7kB/s]"},"type":"ws_msg"}
{"payload":{"local_timestamp":1678619775245,"stderr":true,"stdout":"\r 19%|\u2588\u2588\u2588\u2588\u2588\u2588\u2588\u2588\u2588\u2588\u2588\u2588\u2588\u2588\u2588\u2588\u2588\u2588\u2588\u2588\u2588\u258f                                                                                         | 144k/755k [00:01<00:10, 62.4kB/s]"},"type":"ws_msg"}
{"payload":{"local_timestamp":1678619775723,"stderr":true,"stdout":"\r 21%|\u2588\u2588\u2588\u2588\u2588\u2588\u2588\u2588\u2588\u2588\u2588\u2588\u2588\u2588\u2588\u2588\u2588\u2588\u2588\u2588\u2588\u2588\u2588\u258c                                                                                       | 160k/755k [00:02<00:12, 50.7kB/s]"},"type":"ws_msg"}
{"payload":{"local_timestamp":1678619777362,"stderr":true,"stdout":"\r 23%|\u2588\u2588\u2588\u2588\u2588\u2588\u2588\u2588\u2588\u2588\u2588\u2588\u2588\u2588\u2588\u2588\u2588\u2588\u2588\u2588\u2588\u2588\u2588\u2588\u2588\u258a                                                                                     | 176k/755k [00:03<00:25, 23.4kB/s]"},"type":"ws_msg"}
{"payload":{"local_timestamp":1678619777817,"stderr":true,"stdout":"\r 25%|\u2588\u2588\u2588\u2588\u2588\u2588\u2588\u2588\u2588\u2588\u2588\u2588\u2588\u2588\u2588\u2588\u2588\u2588\u2588\u2588\u2588\u2588\u2588\u2588\u2588\u2588\u2588\u2588\u258f                                                                                  | 192k/755k [00:04<00:22, 26.1kB/s]"},"type":"ws_msg"}
{"payload":{"local_timestamp":1678619779917,"stderr":true,"stdout":"\r 28%|\u2588\u2588\u2588\u2588\u2588\u2588\u2588\u2588\u2588\u2588\u2588\u2588\u2588\u2588\u2588\u2588\u2588\u2588\u2588\u2588\u2588\u2588\u2588\u2588\u2588\u2588\u2588\u2588\u2588\u2588\u258c                                                                                | 208k/755k [00:06<00:36, 15.5kB/s]"},"type":"ws_msg"}
{"payload":{"local_timestamp":1678619781656,"stderr":true,"stdout":"\r 30%|\u2588\u2588\u2588\u2588\u2588\u2588\u2588\u2588\u2588\u2588\u2588\u2588\u2588\u2588\u2588\u2588\u2588\u2588\u2588\u2588\u2588\u2588\u2588\u2588\u2588\u2588\u2588\u2588\u2588\u2588\u2588\u2588\u2589                                                                              | 224k/755k [00:08<00:41, 13.0kB/s]"},"type":"ws_msg"}
{"payload":{"local_timestamp":1678619782857,"stderr":true,"stdout":"\r 32%|\u2588\u2588\u2588\u2588\u2588\u2588\u2588\u2588\u2588\u2588\u2588\u2588\u2588\u2588\u2588\u2588\u2588\u2588\u2588\u2588\u2588\u2588\u2588\u2588\u2588\u2588\u2588\u2588\u2588\u2588\u2588\u2588\u2588\u2588\u2588\u258e                                                                           | 240k/755k [00:09<00:40, 13.2kB/s]"},"type":"ws_msg"}
{"payload":{"local_timestamp":1678619783465,"stderr":true,"stdout":"\r 34%|\u2588\u2588\u2588\u2588\u2588\u2588\u2588\u2588\u2588\u2588\u2588\u2588\u2588\u2588\u2588\u2588\u2588\u2588\u2588\u2588\u2588\u2588\u2588\u2588\u2588\u2588\u2588\u2588\u2588\u2588\u2588\u2588\u2588\u2588\u2588\u2588\u2588\u258b                                                                         | 256k/755k [00:10<00:32, 15.5kB/s]"},"type":"ws_msg"}
{"payload":{"local_timestamp":1678619784673,"stderr":true,"stdout":"\r 36%|\u2588\u2588\u2588\u2588\u2588\u2588\u2588\u2588\u2588\u2588\u2588\u2588\u2588\u2588\u2588\u2588\u2588\u2588\u2588\u2588\u2588\u2588\u2588\u2588\u2588\u2588\u2588\u2588\u2588\u2588\u2588\u2588\u2588\u2588\u2588\u2588\u2588\u2588\u2588\u2589                                                                       | 272k/755k [00:11<00:33, 14.9kB/s]"},"type":"ws_msg"}
{"payload":{"local_timestamp":1678619785981,"stderr":true,"stdout":"\r 38%|\u2588\u2588\u2588\u2588\u2588\u2588\u2588\u2588\u2588\u2588\u2588\u2588\u2588\u2588\u2588\u2588\u2588\u2588\u2588\u2588\u2588\u2588\u2588\u2588\u2588\u2588\u2588\u2588\u2588\u2588\u2588\u2588\u2588\u2588\u2588\u2588\u2588\u2588\u2588\u2588\u2588\u2588\u258e                                                                    | 288k/755k [00:12<00:33, 14.1kB/s]"},"type":"ws_msg"}
{"payload":{"local_timestamp":1678619786840,"stderr":true,"stdout":"\r 40%|\u2588\u2588\u2588\u2588\u2588\u2588\u2588\u2588\u2588\u2588\u2588\u2588\u2588\u2588\u2588\u2588\u2588\u2588\u2588\u2588\u2588\u2588\u2588\u2588\u2588\u2588\u2588\u2588\u2588\u2588\u2588\u2588\u2588\u2588\u2588\u2588\u2588\u2588\u2588\u2588\u2588\u2588\u2588\u2588\u258b                                                                  | 304k/755k [00:13<00:30, 15.3kB/s]"},"type":"ws_msg"}
{"payload":{"local_timestamp":1678619790499,"stderr":true,"stdout":"\r 42%|\u2588\u2588\u2588\u2588\u2588\u2588\u2588\u2588\u2588\u2588\u2588\u2588\u2588\u2588\u2588\u2588\u2588\u2588\u2588\u2588\u2588\u2588\u2588\u2588\u2588\u2588\u2588\u2588\u2588\u2588\u2588\u2588\u2588\u2588\u2588\u2588\u2588\u2588\u2588\u2588\u2588\u2588\u2588\u2588\u2588\u2588\u2588                                                                | 320k/755k [00:17<00:50, 8.88kB/s]"},"type":"ws_msg"}
{"payload":{"local_timestamp":1678619792553,"stderr":true,"stdout":"\r 44%|\u2588\u2588\u2588\u2588\u2588\u2588\u2588\u2588\u2588\u2588\u2588\u2588\u2588\u2588\u2588\u2588\u2588\u2588\u2588\u2588\u2588\u2588\u2588\u2588\u2588\u2588\u2588\u2588\u2588\u2588\u2588\u2588\u2588\u2588\u2588\u2588\u2588\u2588\u2588\u2588\u2588\u2588\u2588\u2588\u2588\u2588\u2588\u2588\u2588\u258d                                                             | 336k/755k [00:19<00:49, 8.59kB/s]"},"type":"ws_msg"}
{"payload":{"local_timestamp":1678619793387,"stderr":true,"stdout":"\r 47%|\u2588\u2588\u2588\u2588\u2588\u2588\u2588\u2588\u2588\u2588\u2588\u2588\u2588\u2588\u2588\u2588\u2588\u2588\u2588\u2588\u2588\u2588\u2588\u2588\u2588\u2588\u2588\u2588\u2588\u2588\u2588\u2588\u2588\u2588\u2588\u2588\u2588\u2588\u2588\u2588\u2588\u2588\u2588\u2588\u2588\u2588\u2588\u2588\u2588\u2588\u2588\u258b                                                           | 352k/755k [00:19<00:39, 10.3kB/s]"},"type":"ws_msg"}
{"payload":{"local_timestamp":1678619795405,"stderr":true,"stdout":"\r 49%|\u2588\u2588\u2588\u2588\u2588\u2588\u2588\u2588\u2588\u2588\u2588\u2588\u2588\u2588\u2588\u2588\u2588\u2588\u2588\u2588\u2588\u2588\u2588\u2588\u2588\u2588\u2588\u2588\u2588\u2588\u2588\u2588\u2588\u2588\u2588\u2588\u2588\u2588\u2588\u2588\u2588\u2588\u2588\u2588\u2588\u2588\u2588\u2588\u2588\u2588\u2588\u2588\u2588\u2588                                                         | 368k/755k [00:21<00:41, 9.55kB/s]"},"type":"ws_msg"}
{"payload":{"local_timestamp":1678619796335,"stderr":true,"stdout":"\r 51%|\u2588\u2588\u2588\u2588\u2588\u2588\u2588\u2588\u2588\u2588\u2588\u2588\u2588\u2588\u2588\u2588\u2588\u2588\u2588\u2588\u2588\u2588\u2588\u2588\u2588\u2588\u2588\u2588\u2588\u2588\u2588\u2588\u2588\u2588\u2588\u2588\u2588\u2588\u2588\u2588\u2588\u2588\u2588\u2588\u2588\u2588\u2588\u2588\u2588\u2588\u2588\u2588\u2588\u2588\u2588\u2588\u258d                                                      | 384k/755k [00:22<00:34, 11.1kB/s]"},"type":"ws_msg"}
{"payload":{"local_timestamp":1678619798081,"stderr":true,"stdout":"\r 53%|\u2588\u2588\u2588\u2588\u2588\u2588\u2588\u2588\u2588\u2588\u2588\u2588\u2588\u2588\u2588\u2588\u2588\u2588\u2588\u2588\u2588\u2588\u2588\u2588\u2588\u2588\u2588\u2588\u2588\u2588\u2588\u2588\u2588\u2588\u2588\u2588\u2588\u2588\u2588\u2588\u2588\u2588\u2588\u2588\u2588\u2588\u2588\u2588\u2588\u2588\u2588\u2588\u2588\u2588\u2588\u2588\u2588\u2588\u258a                                                    | 400k/755k [00:24<00:34, 10.5kB/s]"},"type":"ws_msg"}
{"payload":{"local_timestamp":1678619800106,"stderr":true,"stdout":"\r 55%|\u2588\u2588\u2588\u2588\u2588\u2588\u2588\u2588\u2588\u2588\u2588\u2588\u2588\u2588\u2588\u2588\u2588\u2588\u2588\u2588\u2588\u2588\u2588\u2588\u2588\u2588\u2588\u2588\u2588\u2588\u2588\u2588\u2588\u2588\u2588\u2588\u2588\u2588\u2588\u2588\u2588\u2588\u2588\u2588\u2588\u2588\u2588\u2588\u2588\u2588\u2588\u2588\u2588\u2588\u2588\u2588\u2588\u2588\u2588\u2588\u2588\u258f                                                 | 416k/755k [00:26<00:36, 9.64kB/s]"},"type":"ws_msg"}
{"payload":{"local_timestamp":1678619800851,"stderr":true,"stdout":"\r 57%|\u2588\u2588\u2588\u2588\u2588\u2588\u2588\u2588\u2588\u2588\u2588\u2588\u2588\u2588\u2588\u2588\u2588\u2588\u2588\u2588\u2588\u2588\u2588\u2588\u2588\u2588\u2588\u2588\u2588\u2588\u2588\u2588\u2588\u2588\u2588\u2588\u2588\u2588\u2588\u2588\u2588\u2588\u2588\u2588\u2588\u2588\u2588\u2588\u2588\u2588\u2588\u2588\u2588\u2588\u2588\u2588\u2588\u2588\u2588\u2588\u2588\u2588\u2588\u258c                                               | 432k/755k [00:27<00:28, 11.6kB/s]"},"type":"ws_msg"}
{"payload":{"local_timestamp":1678619801942,"stderr":true,"stdout":"\r 59%|\u2588\u2588\u2588\u2588\u2588\u2588\u2588\u2588\u2588\u2588\u2588\u2588\u2588\u2588\u2588\u2588\u2588\u2588\u2588\u2588\u2588\u2588\u2588\u2588\u2588\u2588\u2588\u2588\u2588\u2588\u2588\u2588\u2588\u2588\u2588\u2588\u2588\u2588\u2588\u2588\u2588\u2588\u2588\u2588\u2588\u2588\u2588\u2588\u2588\u2588\u2588\u2588\u2588\u2588\u2588\u2588\u2588\u2588\u2588\u2588\u2588\u2588\u2588\u2588\u2588\u258a                                             | 448k/755k [00:28<00:25, 12.4kB/s]"},"type":"ws_msg"}
{"payload":{"local_timestamp":1678619803348,"stderr":true,"stdout":"\r 61%|\u2588\u2588\u2588\u2588\u2588\u2588\u2588\u2588\u2588\u2588\u2588\u2588\u2588\u2588\u2588\u2588\u2588\u2588\u2588\u2588\u2588\u2588\u2588\u2588\u2588\u2588\u2588\u2588\u2588\u2588\u2588\u2588\u2588\u2588\u2588\u2588\u2588\u2588\u2588\u2588\u2588\u2588\u2588\u2588\u2588\u2588\u2588\u2588\u2588\u2588\u2588\u2588\u2588\u2588\u2588\u2588\u2588\u2588\u2588\u2588\u2588\u2588\u2588\u2588\u2588\u2588\u2588\u2588\u258f                                          | 464k/755k [00:29<00:24, 12.2kB/s]"},"type":"ws_msg"}
{"payload":{"local_timestamp":1678619806374,"stderr":true,"stdout":"\r 64%|\u2588\u2588\u2588\u2588\u2588\u2588\u2588\u2588\u2588\u2588\u2588\u2588\u2588\u2588\u2588\u2588\u2588\u2588\u2588\u2588\u2588\u2588\u2588\u2588\u2588\u2588\u2588\u2588\u2588\u2588\u2588\u2588\u2588\u2588\u2588\u2588\u2588\u2588\u2588\u2588\u2588\u2588\u2588\u2588\u2588\u2588\u2588\u2588\u2588\u2588\u2588\u2588\u2588\u2588\u2588\u2588\u2588\u2588\u2588\u2588\u2588\u2588\u2588\u2588\u2588\u2588\u2588\u2588\u2588\u2588\u258c                                        | 480k/755k [00:32<00:31, 8.86kB/s]"},"type":"ws_msg"}
{"payload":{"local_timestamp":1678619807514,"stderr":true,"stdout":"\r 66%|\u2588\u2588\u2588\u2588\u2588\u2588\u2588\u2588\u2588\u2588\u2588\u2588\u2588\u2588\u2588\u2588\u2588\u2588\u2588\u2588\u2588\u2588\u2588\u2588\u2588\u2588\u2588\u2588\u2588\u2588\u2588\u2588\u2588\u2588\u2588\u2588\u2588\u2588\u2588\u2588\u2588\u2588\u2588\u2588\u2588\u2588\u2588\u2588\u2588\u2588\u2588\u2588\u2588\u2588\u2588\u2588\u2588\u2588\u2588\u2588\u2588\u2588\u2588\u2588\u2588\u2588\u2588\u2588\u2588\u2588\u2588\u2588\u2589                                      | 496k/755k [00:34<00:26, 10.0kB/s]"},"type":"ws_msg"}
{"payload":{"local_timestamp":1678619809103,"stderr":true,"stdout":"\r 68%|\u2588\u2588\u2588\u2588\u2588\u2588\u2588\u2588\u2588\u2588\u2588\u2588\u2588\u2588\u2588\u2588\u2588\u2588\u2588\u2588\u2588\u2588\u2588\u2588\u2588\u2588\u2588\u2588\u2588\u2588\u2588\u2588\u2588\u2588\u2588\u2588\u2588\u2588\u2588\u2588\u2588\u2588\u2588\u2588\u2588\u2588\u2588\u2588\u2588\u2588\u2588\u2588\u2588\u2588\u2588\u2588\u2588\u2588\u2588\u2588\u2588\u2588\u2588\u2588\u2588\u2588\u2588\u2588\u2588\u2588\u2588\u2588\u2588\u2588\u2588\u258e                                   | 512k/755k [00:35<00:24, 10.1kB/s]"},"type":"ws_msg"}
{"payload":{"local_timestamp":1678619810824,"stderr":true,"stdout":"\r 70%|\u2588\u2588\u2588\u2588\u2588\u2588\u2588\u2588\u2588\u2588\u2588\u2588\u2588\u2588\u2588\u2588\u2588\u2588\u2588\u2588\u2588\u2588\u2588\u2588\u2588\u2588\u2588\u2588\u2588\u2588\u2588\u2588\u2588\u2588\u2588\u2588\u2588\u2588\u2588\u2588\u2588\u2588\u2588\u2588\u2588\u2588\u2588\u2588\u2588\u2588\u2588\u2588\u2588\u2588\u2588\u2588\u2588\u2588\u2588\u2588\u2588\u2588\u2588\u2588\u2588\u2588\u2588\u2588\u2588\u2588\u2588\u2588\u2588\u2588\u2588\u2588\u2588\u258c                                 | 528k/755k [00:37<00:23, 9.92kB/s]"},"type":"ws_msg"}
{"payload":{"local_timestamp":1678619812254,"stderr":true,"stdout":"\r 72%|\u2588\u2588\u2588\u2588\u2588\u2588\u2588\u2588\u2588\u2588\u2588\u2588\u2588\u2588\u2588\u2588\u2588\u2588\u2588\u2588\u2588\u2588\u2588\u2588\u2588\u2588\u2588\u2588\u2588\u2588\u2588\u2588\u2588\u2588\u2588\u2588\u2588\u2588\u2588\u2588\u2588\u2588\u2588\u2588\u2588\u2588\u2588\u2588\u2588\u2588\u2588\u2588\u2588\u2588\u2588\u2588\u2588\u2588\u2588\u2588\u2588\u2588\u2588\u2588\u2588\u2588\u2588\u2588\u2588\u2588\u2588\u2588\u2588\u2588\u2588\u2588\u2588\u2588\u2588\u2589                               | 544k/755k [00:38<00:20, 10.3kB/s]"},"type":"ws_msg"}
{"payload":{"local_timestamp":1678619812528,"stderr":true,"stdout":"\r 74%|\u2588\u2588\u2588\u2588\u2588\u2588\u2588\u2588\u2588\u2588\u2588\u2588\u2588\u2588\u2588\u2588\u2588\u2588\u2588\u2588\u2588\u2588\u2588\u2588\u2588\u2588\u2588\u2588\u2588\u2588\u2588\u2588\u2588\u2588\u2588\u2588\u2588\u2588\u2588\u2588\u2588\u2588\u2588\u2588\u2588\u2588\u2588\u2588\u2588\u2588\u2588\u2588\u2588\u2588\u2588\u2588\u2588\u2588\u2588\u2588\u2588\u2588\u2588\u2588\u2588\u2588\u2588\u2588\u2588\u2588\u2588\u2588\u2588\u2588\u2588\u2588\u2588\u2588\u2588\u2588\u2588\u2588\u258e                            | 560k/755k [00:39<00:14, 13.8kB/s]"},"type":"ws_msg"}
{"payload":{"local_timestamp":1678619814152,"stderr":true,"stdout":"\r 75%|\u2588\u2588\u2588\u2588\u2588\u2588\u2588\u2588\u2588\u2588\u2588\u2588\u2588\u2588\u2588\u2588\u2588\u2588\u2588\u2588\u2588\u2588\u2588\u2588\u2588\u2588\u2588\u2588\u2588\u2588\u2588\u2588\u2588\u2588\u2588\u2588\u2588\u2588\u2588\u2588\u2588\u2588\u2588\u2588\u2588\u2588\u2588\u2588\u2588\u2588\u2588\u2588\u2588\u2588\u2588\u2588\u2588\u2588\u2588\u2588\u2588\u2588\u2588\u2588\u2588\u2588\u2588\u2588\u2588\u2588\u2588\u2588\u2588\u2588\u2588\u2588\u2588\u2588\u2588\u2588\u2588\u2588\u2588\u258d                           | 568k/755k [00:40<00:18, 10.5kB/s]"},"type":"ws_msg"}
{"payload":{"local_timestamp":1678619816558,"stderr":true,"stdout":"\r 77%|\u2588\u2588\u2588\u2588\u2588\u2588\u2588\u2588\u2588\u2588\u2588\u2588\u2588\u2588\u2588\u2588\u2588\u2588\u2588\u2588\u2588\u2588\u2588\u2588\u2588\u2588\u2588\u2588\u2588\u2588\u2588\u2588\u2588\u2588\u2588\u2588\u2588\u2588\u2588\u2588\u2588\u2588\u2588\u2588\u2588\u2588\u2588\u2588\u2588\u2588\u2588\u2588\u2588\u2588\u2588\u2588\u2588\u2588\u2588\u2588\u2588\u2588\u2588\u2588\u2588\u2588\u2588\u2588\u2588\u2588\u2588\u2588\u2588\u2588\u2588\u2588\u2588\u2588\u2588\u2588\u2588\u2588\u2588\u2588\u2588\u258a                         | 584k/755k [00:43<00:19, 8.90kB/s]"},"type":"ws_msg"}
{"payload":{"local_timestamp":1678619818621,"stderr":true,"stdout":"\r 79%|\u2588\u2588\u2588\u2588\u2588\u2588\u2588\u2588\u2588\u2588\u2588\u2588\u2588\u2588\u2588\u2588\u2588\u2588\u2588\u2588\u2588\u2588\u2588\u2588\u2588\u2588\u2588\u2588\u2588\u2588\u2588\u2588\u2588\u2588\u2588\u2588\u2588\u2588\u2588\u2588\u2588\u2588\u2588\u2588\u2588\u2588\u2588\u2588\u2588\u2588\u2588\u2588\u2588\u2588\u2588\u2588\u2588\u2588\u2588\u2588\u2588\u2588\u2588\u2588\u2588\u2588\u2588\u2588\u2588\u2588\u2588\u2588\u2588\u2588\u2588\u2588\u2588\u2588\u2588\u2588\u2588\u2588\u2588\u2588\u2588\u2588\u2588\u2588\u258f                      | 600k/755k [00:45<00:18, 8.57kB/s]"},"type":"ws_msg"}
{"payload":{"local_timestamp":1678619820431,"stderr":true,"stdout":"\r 82%|\u2588\u2588\u2588\u2588\u2588\u2588\u2588\u2588\u2588\u2588\u2588\u2588\u2588\u2588\u2588\u2588\u2588\u2588\u2588\u2588\u2588\u2588\u2588\u2588\u2588\u2588\u2588\u2588\u2588\u2588\u2588\u2588\u2588\u2588\u2588\u2588\u2588\u2588\u2588\u2588\u2588\u2588\u2588\u2588\u2588\u2588\u2588\u2588\u2588\u2588\u2588\u2588\u2588\u2588\u2588\u2588\u2588\u2588\u2588\u2588\u2588\u2588\u2588\u2588\u2588\u2588\u2588\u2588\u2588\u2588\u2588\u2588\u2588\u2588\u2588\u2588\u2588\u2588\u2588\u2588\u2588\u2588\u2588\u2588\u2588\u2588\u2588\u2588\u2588\u2588\u258c                    | 616k/755k [00:46<00:16, 8.72kB/s]"},"type":"ws_msg"}
{"payload":{"local_timestamp":1678619821940,"stderr":true,"stdout":"\r 84%|\u2588\u2588\u2588\u2588\u2588\u2588\u2588\u2588\u2588\u2588\u2588\u2588\u2588\u2588\u2588\u2588\u2588\u2588\u2588\u2588\u2588\u2588\u2588\u2588\u2588\u2588\u2588\u2588\u2588\u2588\u2588\u2588\u2588\u2588\u2588\u2588\u2588\u2588\u2588\u2588\u2588\u2588\u2588\u2588\u2588\u2588\u2588\u2588\u2588\u2588\u2588\u2588\u2588\u2588\u2588\u2588\u2588\u2588\u2588\u2588\u2588\u2588\u2588\u2588\u2588\u2588\u2588\u2588\u2588\u2588\u2588\u2588\u2588\u2588\u2588\u2588\u2588\u2588\u2588\u2588\u2588\u2588\u2588\u2588\u2588\u2588\u2588\u2588\u2588\u2588\u2588\u2588\u2589                  | 632k/755k [00:48<00:13, 9.28kB/s]"},"type":"ws_msg"}
{"payload":{"local_timestamp":1678619822488,"stderr":true,"stdout":"\r 86%|\u2588\u2588\u2588\u2588\u2588\u2588\u2588\u2588\u2588\u2588\u2588\u2588\u2588\u2588\u2588\u2588\u2588\u2588\u2588\u2588\u2588\u2588\u2588\u2588\u2588\u2588\u2588\u2588\u2588\u2588\u2588\u2588\u2588\u2588\u2588\u2588\u2588\u2588\u2588\u2588\u2588\u2588\u2588\u2588\u2588\u2588\u2588\u2588\u2588\u2588\u2588\u2588\u2588\u2588\u2588\u2588\u2588\u2588\u2588\u2588\u2588\u2588\u2588\u2588\u2588\u2588\u2588\u2588\u2588\u2588\u2588\u2588\u2588\u2588\u2588\u2588\u2588\u2588\u2588\u2588\u2588\u2588\u2588\u2588\u2588\u2588\u2588\u2588\u2588\u2588\u2588\u2588\u2588\u2588\u2588\u258e               | 648k/755k [00:49<00:09, 11.8kB/s]"},"type":"ws_msg"}
{"payload":{"local_timestamp":1678619824431,"stderr":true,"stdout":"\r 88%|\u2588\u2588\u2588\u2588\u2588\u2588\u2588\u2588\u2588\u2588\u2588\u2588\u2588\u2588\u2588\u2588\u2588\u2588\u2588\u2588\u2588\u2588\u2588\u2588\u2588\u2588\u2588\u2588\u2588\u2588\u2588\u2588\u2588\u2588\u2588\u2588\u2588\u2588\u2588\u2588\u2588\u2588\u2588\u2588\u2588\u2588\u2588\u2588\u2588\u2588\u2588\u2588\u2588\u2588\u2588\u2588\u2588\u2588\u2588\u2588\u2588\u2588\u2588\u2588\u2588\u2588\u2588\u2588\u2588\u2588\u2588\u2588\u2588\u2588\u2588\u2588\u2588\u2588\u2588\u2588\u2588\u2588\u2588\u2588\u2588\u2588\u2588\u2588\u2588\u2588\u2588\u2588\u2588\u2588\u2588\u2588\u2588\u258c             | 664k/755k [00:50<00:08, 10.5kB/s]"},"type":"ws_msg"}
{"payload":{"local_timestamp":1678619825245,"stderr":true,"stdout":"\r 90%|\u2588\u2588\u2588\u2588\u2588\u2588\u2588\u2588\u2588\u2588\u2588\u2588\u2588\u2588\u2588\u2588\u2588\u2588\u2588\u2588\u2588\u2588\u2588\u2588\u2588\u2588\u2588\u2588\u2588\u2588\u2588\u2588\u2588\u2588\u2588\u2588\u2588\u2588\u2588\u2588\u2588\u2588\u2588\u2588\u2588\u2588\u2588\u2588\u2588\u2588\u2588\u2588\u2588\u2588\u2588\u2588\u2588\u2588\u2588\u2588\u2588\u2588\u2588\u2588\u2588\u2588\u2588\u2588\u2588\u2588\u2588\u2588\u2588\u2588\u2588\u2588\u2588\u2588\u2588\u2588\u2588\u2588\u2588\u2588\u2588\u2588\u2588\u2588\u2588\u2588\u2588\u2588\u2588\u2588\u2588\u2588\u2588\u2588\u2588\u2589           | 680k/755k [00:51<00:06, 12.3kB/s]"},"type":"ws_msg"}
{"payload":{"local_timestamp":1678619826249,"stderr":true,"stdout":"\r 92%|\u2588\u2588\u2588\u2588\u2588\u2588\u2588\u2588\u2588\u2588\u2588\u2588\u2588\u2588\u2588\u2588\u2588\u2588\u2588\u2588\u2588\u2588\u2588\u2588\u2588\u2588\u2588\u2588\u2588\u2588\u2588\u2588\u2588\u2588\u2588\u2588\u2588\u2588\u2588\u2588\u2588\u2588\u2588\u2588\u2588\u2588\u2588\u2588\u2588\u2588\u2588\u2588\u2588\u2588\u2588\u2588\u2588\u2588\u2588\u2588\u2588\u2588\u2588\u2588\u2588\u2588\u2588\u2588\u2588\u2588\u2588\u2588\u2588\u2588\u2588\u2588\u2588\u2588\u2588\u2588\u2588\u2588\u2588\u2588\u2588\u2588\u2588\u2588\u2588\u2588\u2588\u2588\u2588\u2588\u2588\u2588\u2588\u2588\u2588\u2588\u2588\u2588\u258e        | 696k/755k [00:52<00:04, 13.3kB/s]"},"type":"ws_msg"}
{"payload":{"local_timestamp":1678619827135,"stderr":true,"stdout":"\r 94%|\u2588\u2588\u2588\u2588\u2588\u2588\u2588\u2588\u2588\u2588\u2588\u2588\u2588\u2588\u2588\u2588\u2588\u2588\u2588\u2588\u2588\u2588\u2588\u2588\u2588\u2588\u2588\u2588\u2588\u2588\u2588\u2588\u2588\u2588\u2588\u2588\u2588\u2588\u2588\u2588\u2588\u2588\u2588\u2588\u2588\u2588\u2588\u2588\u2588\u2588\u2588\u2588\u2588\u2588\u2588\u2588\u2588\u2588\u2588\u2588\u2588\u2588\u2588\u2588\u2588\u2588\u2588\u2588\u2588\u2588\u2588\u2588\u2588\u2588\u2588\u2588\u2588\u2588\u2588\u2588\u2588\u2588\u2588\u2588\u2588\u2588\u2588\u2588\u2588\u2588\u2588\u2588\u2588\u2588\u2588\u2588\u2588\u2588\u2588\u2588\u2588\u2588\u2588\u2588\u258b      | 712k/755k [00:53<00:03, 14.5kB/s]"},"type":"ws_msg"}
{"payload":{"local_timestamp":1678619827958,"stderr":true,"stdout":"\r 96%|\u2588\u2588\u2588\u2588\u2588\u2588\u2588\u2588\u2588\u2588\u2588\u2588\u2588\u2588\u2588\u2588\u2588\u2588\u2588\u2588\u2588\u2588\u2588\u2588\u2588\u2588\u2588\u2588\u2588\u2588\u2588\u2588\u2588\u2588\u2588\u2588\u2588\u2588\u2588\u2588\u2588\u2588\u2588\u2588\u2588\u2588\u2588\u2588\u2588\u2588\u2588\u2588\u2588\u2588\u2588\u2588\u2588\u2588\u2588\u2588\u2588\u2588\u2588\u2588\u2588\u2588\u2588\u2588\u2588\u2588\u2588\u2588\u2588\u2588\u2588\u2588\u2588\u2588\u2588\u2588\u2588\u2588\u2588\u2588\u2588\u2588\u2588\u2588\u2588\u2588\u2588\u2588\u2588\u2588\u2588\u2588\u2588\u2588\u2588\u2588\u2588\u2588\u2588\u2588\u2588\u2588\u2588    | 728k/755k [00:54<00:01, 15.8kB/s]"},"type":"ws_msg"}
{"payload":{"local_timestamp":1678619829831,"stderr":true,"stdout":"\r 99%|\u2588\u2588\u2588\u2588\u2588\u2588\u2588\u2588\u2588\u2588\u2588\u2588\u2588\u2588\u2588\u2588\u2588\u2588\u2588\u2588\u2588\u2588\u2588\u2588\u2588\u2588\u2588\u2588\u2588\u2588\u2588\u2588\u2588\u2588\u2588\u2588\u2588\u2588\u2588\u2588\u2588\u2588\u2588\u2588\u2588\u2588\u2588\u2588\u2588\u2588\u2588\u2588\u2588\u2588\u2588\u2588\u2588\u2588\u2588\u2588\u2588\u2588\u2588\u2588\u2588\u2588\u2588\u2588\u2588\u2588\u2588\u2588\u2588\u2588\u2588\u2588\u2588\u2588\u2588\u2588\u2588\u2588\u2588\u2588\u2588\u2588\u2588\u2588\u2588\u2588\u2588\u2588\u2588\u2588\u2588\u2588\u2588\u2588\u2588\u2588\u2588\u2588\u2588\u2588\u2588\u2588\u2588\u2588\u2588\u258e | 744k/755k [00:56<00:00, 12.7kB/s]"},"type":"ws_msg"}
{"payload":{"local_timestamp":1678619829834,"stderr":true,"stdout":"\r100%|\u2588\u2588\u2588\u2588\u2588\u2588\u2588\u2588\u2588\u2588\u2588\u2588\u2588\u2588\u2588\u2588\u2588\u2588\u2588\u2588\u2588\u2588\u2588\u2588\u2588\u2588\u2588\u2588\u2588\u2588\u2588\u2588\u2588\u2588\u2588\u2588\u2588\u2588\u2588\u2588\u2588\u2588\u2588\u2588\u2588\u2588\u2588\u2588\u2588\u2588\u2588\u2588\u2588\u2588\u2588\u2588\u2588\u2588\u2588\u2588\u2588\u2588\u2588\u2588\u2588\u2588\u2588\u2588\u2588\u2588\u2588\u2588\u2588\u2588\u2588\u2588\u2588\u2588\u2588\u2588\u2588\u2588\u2588\u2588\u2588\u2588\u2588\u2588\u2588\u2588\u2588\u2588\u2588\u2588\u2588\u2588\u2588\u2588\u2588\u2588\u2588\u2588\u2588\u2588\u2588\u2588\u2588\u2588\u2588\u2588\u2588| 755k/755k [00:56<00:00, 13.7kB/s]"},"type":"ws_msg"}
{"payload":{"local_timestamp":1678619829834,"stderr":true,"stdout":"\n"},"type":"ws_msg"}
{"payload":{"local_timestamp":1678619829838,"log_other":{"key":"Created from","val":"YOLOv5"}},"type":"ws_msg"}
{"payload":{"local_timestamp":1678619829838,"param":{"paramName":"artifact_alias","paramValue":"latest","source":"manual","step":null}},"type":"parameter_msg"}
{"payload":{"local_timestamp":1678619829838,"param":{"paramName":"batch_size","paramValue":2,"source":"manual","step":null}},"type":"parameter_msg"}
{"payload":{"local_timestamp":1678619829838,"param":{"paramName":"bbox_interval","paramValue":-1,"source":"manual","step":null}},"type":"parameter_msg"}
{"payload":{"local_timestamp":1678619829838,"param":{"paramName":"bucket","paramValue":"","source":"manual","step":null}},"type":"parameter_msg"}
{"payload":{"local_timestamp":1678619829838,"param":{"paramName":"cache","paramValue":null,"source":"manual","step":null}},"type":"parameter_msg"}
{"payload":{"local_timestamp":1678619829839,"param":{"paramName":"cfg","paramValue":"C:\\Users\\S12\\Desktop\\Yolov5Learn\\yolov5\\models\\mask_yolov5s.yaml","source":"manual","step":null}},"type":"parameter_msg"}
{"payload":{"local_timestamp":1678619829839,"param":{"paramName":"cos_lr","paramValue":false,"source":"manual","step":null}},"type":"parameter_msg"}
{"payload":{"local_timestamp":1678619829839,"param":{"paramName":"data","paramValue":"C:\\Users\\S12\\Desktop\\Yolov5Learn\\yolov5\\data\\mask_data.yaml","source":"manual","step":null}},"type":"parameter_msg"}
{"payload":{"local_timestamp":1678619829839,"param":{"paramName":"device","paramValue":"0","source":"manual","step":null}},"type":"parameter_msg"}
{"payload":{"local_timestamp":1678619829839,"param":{"paramName":"entity","paramValue":null,"source":"manual","step":null}},"type":"parameter_msg"}
{"payload":{"local_timestamp":1678619829839,"param":{"paramName":"epochs","paramValue":100,"source":"manual","step":null}},"type":"parameter_msg"}
{"payload":{"local_timestamp":1678619829839,"param":{"paramName":"evolve","paramValue":null,"source":"manual","step":null}},"type":"parameter_msg"}
{"payload":{"local_timestamp":1678619829839,"param":{"paramName":"exist_ok","paramValue":false,"source":"manual","step":null}},"type":"parameter_msg"}
{"payload":{"local_timestamp":1678619829839,"params":{"paramName":"freeze","paramValue":[0],"source":"manual","step":null}},"type":"parameter_msg"}
{"payload":{"local_timestamp":1678619829840,"param":{"paramName":"hyp","paramValue":"{\"anchor_t\": 4.0, \"box\": 0.05, \"cls\": 0.5, \"cls_pw\": 1.0, \"copy_paste\": 0.0, \"degrees\": 0.0, \"fl_gamma\": 0.0, \"fliplr\": 0.5, \"flipud\": 0.0, \"hsv_h\": 0.015, \"hsv_s\": 0.7, \"hsv_v\": 0.4, \"iou_t\": 0.2, \"lr0\": 0.01, \"lrf\": 0.01, \"mixup\": 0.0, \"momentum\": 0.937, \"mosaic\": 1.0, \"obj\": 1.0, \"obj_pw\": 1.0, \"perspective\": 0.0, \"scale\": 0.5, \"shear\": 0.0, \"translate\": 0.1, \"warmup_bias_lr\": 0.1, \"warmup_epochs\": 3.0, \"warmup_momentum\": 0.8, \"weight_decay\": 0.0005}","source":"manual","step":null}},"type":"parameter_msg"}
{"payload":{"local_timestamp":1678619829840,"param":{"paramName":"image_weights","paramValue":false,"source":"manual","step":null}},"type":"parameter_msg"}
{"payload":{"local_timestamp":1678619829840,"param":{"paramName":"imgsz","paramValue":640,"source":"manual","step":null}},"type":"parameter_msg"}
{"payload":{"local_timestamp":1678619829840,"param":{"paramName":"label_smoothing","paramValue":0.0,"source":"manual","step":null}},"type":"parameter_msg"}
{"payload":{"local_timestamp":1678619829840,"param":{"paramName":"local_rank","paramValue":-1,"source":"manual","step":null}},"type":"parameter_msg"}
{"payload":{"local_timestamp":1678619829840,"param":{"paramName":"multi_scale","paramValue":false,"source":"manual","step":null}},"type":"parameter_msg"}
{"payload":{"local_timestamp":1678619829840,"param":{"paramName":"name","paramValue":"exp","source":"manual","step":null}},"type":"parameter_msg"}
{"payload":{"local_timestamp":1678619829840,"param":{"paramName":"noautoanchor","paramValue":false,"source":"manual","step":null}},"type":"parameter_msg"}
{"payload":{"local_timestamp":1678619829840,"param":{"paramName":"noplots","paramValue":false,"source":"manual","step":null}},"type":"parameter_msg"}
{"payload":{"local_timestamp":1678619829840,"param":{"paramName":"nosave","paramValue":false,"source":"manual","step":null}},"type":"parameter_msg"}
{"payload":{"local_timestamp":1678619829840,"param":{"paramName":"noval","paramValue":false,"source":"manual","step":null}},"type":"parameter_msg"}
{"payload":{"local_timestamp":1678619829840,"param":{"paramName":"optimizer","paramValue":"SGD","source":"manual","step":null}},"type":"parameter_msg"}
{"payload":{"local_timestamp":1678619829840,"param":{"paramName":"patience","paramValue":100,"source":"manual","step":null}},"type":"parameter_msg"}
{"payload":{"local_timestamp":1678619829840,"param":{"paramName":"project","paramValue":"runs\\train","source":"manual","step":null}},"type":"parameter_msg"}
{"payload":{"local_timestamp":1678619829840,"param":{"paramName":"quad","paramValue":false,"source":"manual","step":null}},"type":"parameter_msg"}
{"payload":{"local_timestamp":1678619829840,"param":{"paramName":"rect","paramValue":false,"source":"manual","step":null}},"type":"parameter_msg"}
{"payload":{"local_timestamp":1678619829840,"param":{"paramName":"resume","paramValue":false,"source":"manual","step":null}},"type":"parameter_msg"}
{"payload":{"local_timestamp":1678619829840,"param":{"paramName":"save_dir","paramValue":"runs\\train\\exp4","source":"manual","step":null}},"type":"parameter_msg"}
{"payload":{"local_timestamp":1678619829840,"param":{"paramName":"save_period","paramValue":-1,"source":"manual","step":null}},"type":"parameter_msg"}
{"payload":{"local_timestamp":1678619829840,"param":{"paramName":"seed","paramValue":0,"source":"manual","step":null}},"type":"parameter_msg"}
{"payload":{"local_timestamp":1678619829840,"param":{"paramName":"single_cls","paramValue":false,"source":"manual","step":null}},"type":"parameter_msg"}
{"payload":{"local_timestamp":1678619829840,"param":{"paramName":"sync_bn","paramValue":false,"source":"manual","step":null}},"type":"parameter_msg"}
{"payload":{"local_timestamp":1678619829840,"param":{"paramName":"upload_dataset","paramValue":false,"source":"manual","step":null}},"type":"parameter_msg"}
{"payload":{"local_timestamp":1678619829840,"param":{"paramName":"workers","paramValue":8,"source":"manual","step":null}},"type":"parameter_msg"}
{"payload":{"local_timestamp":1678619829840,"param":{"paramName":"anchor_t","paramValue":4.0,"source":"manual","step":null}},"type":"parameter_msg"}
{"payload":{"local_timestamp":1678619829840,"param":{"paramName":"box","paramValue":0.05,"source":"manual","step":null}},"type":"parameter_msg"}
{"payload":{"local_timestamp":1678619829840,"param":{"paramName":"cls","paramValue":0.5,"source":"manual","step":null}},"type":"parameter_msg"}
{"payload":{"local_timestamp":1678619829840,"param":{"paramName":"cls_pw","paramValue":1.0,"source":"manual","step":null}},"type":"parameter_msg"}
{"payload":{"local_timestamp":1678619829840,"param":{"paramName":"copy_paste","paramValue":0.0,"source":"manual","step":null}},"type":"parameter_msg"}
{"payload":{"local_timestamp":1678619829840,"param":{"paramName":"degrees","paramValue":0.0,"source":"manual","step":null}},"type":"parameter_msg"}
{"payload":{"local_timestamp":1678619829841,"param":{"paramName":"fl_gamma","paramValue":0.0,"source":"manual","step":null}},"type":"parameter_msg"}
{"payload":{"local_timestamp":1678619829841,"param":{"paramName":"fliplr","paramValue":0.5,"source":"manual","step":null}},"type":"parameter_msg"}
{"payload":{"local_timestamp":1678619829841,"param":{"paramName":"flipud","paramValue":0.0,"source":"manual","step":null}},"type":"parameter_msg"}
{"payload":{"local_timestamp":1678619829841,"param":{"paramName":"hsv_h","paramValue":0.015,"source":"manual","step":null}},"type":"parameter_msg"}
{"payload":{"local_timestamp":1678619829841,"param":{"paramName":"hsv_s","paramValue":0.7,"source":"manual","step":null}},"type":"parameter_msg"}
{"payload":{"local_timestamp":1678619829841,"param":{"paramName":"hsv_v","paramValue":0.4,"source":"manual","step":null}},"type":"parameter_msg"}
{"payload":{"local_timestamp":1678619829841,"param":{"paramName":"iou_t","paramValue":0.2,"source":"manual","step":null}},"type":"parameter_msg"}
{"payload":{"local_timestamp":1678619829841,"param":{"paramName":"lr0","paramValue":0.01,"source":"manual","step":null}},"type":"parameter_msg"}
{"payload":{"local_timestamp":1678619829841,"param":{"paramName":"lrf","paramValue":0.01,"source":"manual","step":null}},"type":"parameter_msg"}
{"payload":{"local_timestamp":1678619829841,"param":{"paramName":"mixup","paramValue":0.0,"source":"manual","step":null}},"type":"parameter_msg"}
{"payload":{"local_timestamp":1678619829841,"param":{"paramName":"momentum","paramValue":0.937,"source":"manual","step":null}},"type":"parameter_msg"}
{"payload":{"local_timestamp":1678619829841,"param":{"paramName":"mosaic","paramValue":1.0,"source":"manual","step":null}},"type":"parameter_msg"}
{"payload":{"local_timestamp":1678619829841,"param":{"paramName":"obj","paramValue":1.0,"source":"manual","step":null}},"type":"parameter_msg"}
{"payload":{"local_timestamp":1678619829841,"param":{"paramName":"obj_pw","paramValue":1.0,"source":"manual","step":null}},"type":"parameter_msg"}
{"payload":{"local_timestamp":1678619829841,"param":{"paramName":"perspective","paramValue":0.0,"source":"manual","step":null}},"type":"parameter_msg"}
{"payload":{"local_timestamp":1678619829841,"param":{"paramName":"scale","paramValue":0.5,"source":"manual","step":null}},"type":"parameter_msg"}
{"payload":{"local_timestamp":1678619829841,"param":{"paramName":"shear","paramValue":0.0,"source":"manual","step":null}},"type":"parameter_msg"}
{"payload":{"local_timestamp":1678619829841,"param":{"paramName":"translate","paramValue":0.1,"source":"manual","step":null}},"type":"parameter_msg"}
{"payload":{"local_timestamp":1678619829841,"param":{"paramName":"warmup_bias_lr","paramValue":0.1,"source":"manual","step":null}},"type":"parameter_msg"}
{"payload":{"local_timestamp":1678619829841,"param":{"paramName":"warmup_epochs","paramValue":3.0,"source":"manual","step":null}},"type":"parameter_msg"}
{"payload":{"local_timestamp":1678619829841,"param":{"paramName":"warmup_momentum","paramValue":0.8,"source":"manual","step":null}},"type":"parameter_msg"}
{"payload":{"local_timestamp":1678619829841,"param":{"paramName":"weight_decay","paramValue":0.0005,"source":"manual","step":null}},"type":"parameter_msg"}
{"payload":{"additional_params":{"assetId":"4e7632a32d2044fc988317deed185737","context":null,"epoch":null,"extension":"json","fileName":"hyperparameters.json","overwrite":false,"runId":null,"step":null},"clean":true,"file_path":"tmpok1orkwh","local_timestamp":1678619829852,"metadata":{"type":"hyp-config-file"},"upload_type":"asset"},"type":"file_upload"}
{"payload":{"additional_params":{"assetId":"aa435577eea34dac89881d630e6fd7af","context":null,"extension":"yaml","fileName":"opt.yaml","overwrite":false,"runId":null,"step":null},"clean":true,"file_path":"tmpyh85n0f3","local_timestamp":1678619829846,"metadata":{"type":"opt-config-file"},"upload_type":"asset"},"type":"file_upload"}
{"payload":{"local_timestamp":1678619829846,"param":{"paramName":"val_conf_threshold","paramValue":0.001,"source":"manual","step":null}},"type":"parameter_msg"}
{"payload":{"local_timestamp":1678619829846,"param":{"paramName":"val_iou_threshold","paramValue":0.6,"source":"manual","step":null}},"type":"parameter_msg"}
{"payload":{"local_timestamp":1678619829846,"log_other":{"key":"comet_mode","val":"online"}},"type":"ws_msg"}
{"payload":{"local_timestamp":1678619829846,"log_other":{"key":"comet_max_image_uploads","val":100}},"type":"ws_msg"}
{"payload":{"local_timestamp":1678619829846,"log_other":{"key":"comet_log_per_class_metrics","val":false}},"type":"ws_msg"}
{"payload":{"local_timestamp":1678619829846,"log_other":{"key":"comet_log_batch_metrics","val":false}},"type":"ws_msg"}
{"payload":{"local_timestamp":1678619829846,"log_other":{"key":"comet_log_confusion_matrix","val":true}},"type":"ws_msg"}
{"payload":{"local_timestamp":1678619829846,"log_other":{"key":"comet_model_name","val":"yolov5"}},"type":"ws_msg"}
{"payload":{"local_timestamp":1678619829879,"stderr":true,"stdout":"\n                 from  n    params  module                                  arguments                     \n"},"type":"ws_msg"}
{"payload":{"local_timestamp":1678619829886,"stderr":true,"stdout":"  0                -1  1      3520  models.common.Conv                      [3, 32, 6, 2, 2]              \n"},"type":"ws_msg"}
{"payload":{"local_timestamp":1678619829886,"stderr":true,"stdout":"  1                -1  1     18560  models.common.Conv                      [32, 64, 3, 2]                \n"},"type":"ws_msg"}
{"payload":{"local_timestamp":1678619829887,"stderr":true,"stdout":"  2                -1  1     18816  models.common.C3                        [64, 64, 1]                   \n"},"type":"ws_msg"}
{"payload":{"local_timestamp":1678619829888,"stderr":true,"stdout":"  3                -1  1     73984  models.common.Conv                      [64, 128, 3, 2]               \n"},"type":"ws_msg"}
{"payload":{"local_timestamp":1678619829890,"stderr":true,"stdout":"  4                -1  2    115712  models.common.C3                        [128, 128, 2]                 \n"},"type":"ws_msg"}
{"payload":{"local_timestamp":1678619829891,"stderr":true,"stdout":"  5                -1  1    295424  models.common.Conv                      [128, 256, 3, 2]              \n"},"type":"ws_msg"}
{"payload":{"local_timestamp":1678619829895,"stderr":true,"stdout":"  6                -1  3    625152  models.common.C3                        [256, 256, 3]                 \n"},"type":"ws_msg"}
{"payload":{"local_timestamp":1678619829899,"stderr":true,"stdout":"  7                -1  1   1180672  models.common.Conv                      [256, 512, 3, 2]              \n"},"type":"ws_msg"}
{"payload":{"local_timestamp":1678619829904,"stderr":true,"stdout":"  8                -1  1   1182720  models.common.C3                        [512, 512, 1]                 \n"},"type":"ws_msg"}
{"payload":{"local_timestamp":1678619829907,"stderr":true,"stdout":"  9                -1  1    656896  models.common.SPPF                      [512, 512, 5]                 \n"},"type":"ws_msg"}
{"payload":{"local_timestamp":1678619829908,"stderr":true,"stdout":" 10                -1  1    131584  models.common.Conv                      [512, 256, 1, 1]              \n"},"type":"ws_msg"}
{"payload":{"local_timestamp":1678619829908,"stderr":true,"stdout":" 11                -1  1         0  torch.nn.modules.upsampling.Upsample    [None, 2, 'nearest']          \n"},"type":"ws_msg"}
{"payload":{"local_timestamp":1678619829909,"stderr":true,"stdout":" 12           [-1, 6]  1         0  models.common.Concat                    [1]                           \n"},"type":"ws_msg"}
{"payload":{"local_timestamp":1678619829911,"stderr":true,"stdout":" 13                -1  1    361984  models.common.C3                        [512, 256, 1, False]          \n"},"type":"ws_msg"}
{"payload":{"local_timestamp":1678619829911,"stderr":true,"stdout":" 14                -1  1     33024  models.common.Conv                      [256, 128, 1, 1]              \n"},"type":"ws_msg"}
{"payload":{"local_timestamp":1678619829912,"stderr":true,"stdout":" 15                -1  1         0  torch.nn.modules.upsampling.Upsample    [None, 2, 'nearest']          \n"},"type":"ws_msg"}
{"payload":{"local_timestamp":1678619829912,"stderr":true,"stdout":" 16           [-1, 4]  1         0  models.common.Concat                    [1]                           \n"},"type":"ws_msg"}
{"payload":{"local_timestamp":1678619829913,"stderr":true,"stdout":" 17                -1  1     90880  models.common.C3                        [256, 128, 1, False]          \n"},"type":"ws_msg"}
{"payload":{"local_timestamp":1678619829914,"stderr":true,"stdout":" 18                -1  1    147712  models.common.Conv                      [128, 128, 3, 2]              \n"},"type":"ws_msg"}
{"payload":{"local_timestamp":1678619829914,"stderr":true,"stdout":" 19          [-1, 14]  1         0  models.common.Concat                    [1]                           \n"},"type":"ws_msg"}
{"payload":{"local_timestamp":1678619829916,"stderr":true,"stdout":" 20                -1  1    296448  models.common.C3                        [256, 256, 1, False]          \n"},"type":"ws_msg"}
{"payload":{"local_timestamp":1678619829919,"stderr":true,"stdout":" 21                -1  1    590336  models.common.Conv                      [256, 256, 3, 2]              \n"},"type":"ws_msg"}
{"payload":{"local_timestamp":1678619829919,"stderr":true,"stdout":" 22          [-1, 10]  1         0  models.common.Concat                    [1]                           \n"},"type":"ws_msg"}
{"payload":{"local_timestamp":1678619829924,"stderr":true,"stdout":" 23                -1  1   1182720  models.common.C3                        [512, 512, 1, False]          \n"},"type":"ws_msg"}
{"payload":{"local_timestamp":1678619829927,"stderr":true,"stdout":" 24      [17, 20, 23]  1     18879  models.yolo.Detect                      [2, [[10, 13, 16, 30, 33, 23], [30, 61, 62, 45, 59, 119], [116, 90, 156, 198, 373, 326]], [128, 256, 512]]\n"},"type":"ws_msg"}
{"payload":{"local_timestamp":1678619830061,"stderr":true,"stdout":"mask_YOLOv5s summary: 214 layers, 7025023 parameters, 7025023 gradients, 16.0 GFLOPs\n"},"type":"ws_msg"}
{"payload":{"local_timestamp":1678619830061,"stderr":true,"stdout":"\n"},"type":"ws_msg"}
{"payload":{"local_timestamp":1678619830205,"stderr":true,"stdout":"Transferred 342/349 items from yolov5s.pt\n"},"type":"ws_msg"}
{"payload":{"local_timestamp":1678619832153,"metric":{"epoch":null,"metricName":"sys.cpu.percent.avg","metricValue":7.866666666666667,"step":null}},"type":"metric_msg"}
{"payload":{"local_timestamp":1678619832153,"metric":{"epoch":null,"metricName":"sys.cpu.percent.01","metricValue":11.6,"step":null}},"type":"metric_msg"}
{"payload":{"local_timestamp":1678619832153,"metric":{"epoch":null,"metricName":"sys.cpu.percent.02","metricValue":2.2,"step":null}},"type":"metric_msg"}
{"payload":{"local_timestamp":1678619832153,"metric":{"epoch":null,"metricName":"sys.cpu.percent.03","metricValue":14.7,"step":null}},"type":"metric_msg"}
{"payload":{"local_timestamp":1678619832153,"metric":{"epoch":null,"metricName":"sys.cpu.percent.04","metricValue":5.6,"step":null}},"type":"metric_msg"}
{"payload":{"local_timestamp":1678619832153,"metric":{"epoch":null,"metricName":"sys.cpu.percent.05","metricValue":17.6,"step":null}},"type":"metric_msg"}
{"payload":{"local_timestamp":1678619832153,"metric":{"epoch":null,"metricName":"sys.cpu.percent.06","metricValue":2.4,"step":null}},"type":"metric_msg"}
{"payload":{"local_timestamp":1678619832153,"metric":{"epoch":null,"metricName":"sys.cpu.percent.07","metricValue":8.8,"step":null}},"type":"metric_msg"}
{"payload":{"local_timestamp":1678619832153,"metric":{"epoch":null,"metricName":"sys.cpu.percent.08","metricValue":3.4,"step":null}},"type":"metric_msg"}
{"payload":{"local_timestamp":1678619832153,"metric":{"epoch":null,"metricName":"sys.cpu.percent.09","metricValue":7.1,"step":null}},"type":"metric_msg"}
{"payload":{"local_timestamp":1678619832153,"metric":{"epoch":null,"metricName":"sys.cpu.percent.10","metricValue":3.6,"step":null}},"type":"metric_msg"}
{"payload":{"local_timestamp":1678619832153,"metric":{"epoch":null,"metricName":"sys.cpu.percent.11","metricValue":6.4,"step":null}},"type":"metric_msg"}
{"payload":{"local_timestamp":1678619832153,"metric":{"epoch":null,"metricName":"sys.cpu.percent.12","metricValue":11.0,"step":null}},"type":"metric_msg"}
{"payload":{"local_timestamp":1678619832153,"metric":{"epoch":null,"metricName":"sys.load.avg","metricValue":0.0,"step":null}},"type":"metric_msg"}
{"payload":{"local_timestamp":1678619832153,"metric":{"epoch":null,"metricName":"sys.ram.total","metricValue":17014095872,"step":null}},"type":"metric_msg"}
{"payload":{"local_timestamp":1678619832153,"metric":{"epoch":null,"metricName":"sys.ram.used","metricValue":11043422208,"step":null}},"type":"metric_msg"}
{"payload":{"local_timestamp":1678619832175,"metric":{"epoch":null,"metricName":"sys.gpu.0.free_memory","metricValue":11168333824,"step":null}},"type":"metric_msg"}
{"payload":{"local_timestamp":1678619832175,"metric":{"epoch":null,"metricName":"sys.gpu.0.gpu_utilization","metricValue":4,"step":null}},"type":"metric_msg"}
{"payload":{"local_timestamp":1678619832175,"metric":{"epoch":null,"metricName":"sys.gpu.0.power_usage","metricValue":45288,"step":null}},"type":"metric_msg"}
{"payload":{"local_timestamp":1678619832175,"metric":{"epoch":null,"metricName":"sys.gpu.0.temperature","metricValue":45,"step":null}},"type":"metric_msg"}
{"payload":{"local_timestamp":1678619832175,"metric":{"epoch":null,"metricName":"sys.gpu.0.used_memory","metricValue":1716568064,"step":null}},"type":"metric_msg"}
{"payload":{"local_timestamp":1678619834587,"stderr":true,"stdout":"\u001b[34m\u001b[1mAMP: \u001b[0mchecks passed \n"},"type":"ws_msg"}
{"payload":{"local_timestamp":1678619834589,"stderr":true,"stdout":"\u001b[34m\u001b[1moptimizer:\u001b[0m SGD(lr=0.01) with parameter groups 57 weight(decay=0.0), 60 weight(decay=0.0005), 60 bias\n"},"type":"ws_msg"}
{"payload":{"local_timestamp":1678619834623,"stderr":true,"stdout":"\r\u001b[34m\u001b[1mtrain: \u001b[0mScanning C:\\Users\\S12\\Desktop\\Yolov5Learn\\yolov5\\det_mask\\labels\\train...:   0%|          | 0/11 [00:00<?, ?it/s]\u001b[0m"},"type":"ws_msg"}
{"payload":{"local_timestamp":1678619838445,"stderr":true,"stdout":"\r\u001b[34m\u001b[1mtrain: \u001b[0mScanning C:\\Users\\S12\\Desktop\\Yolov5Learn\\yolov5\\det_mask\\labels\\train... 1 images, 0 backgrounds, 0 corrupt:   9%|\u2589         | 1/11 [00:03<00:38\u001b[0m"},"type":"ws_msg"}
{"payload":{"local_timestamp":1678619838530,"stderr":true,"stdout":"\r\u001b[34m\u001b[1mtrain: \u001b[0mScanning C:\\Users\\S12\\Desktop\\Yolov5Learn\\yolov5\\det_mask\\labels\\train... 7 images, 0 backgrounds, 4 corrupt: 100%|\u2588\u2588\u2588\u2588\u2588\u2588\u2588\u2588\u2588\u2588| 11/11 [00:03<00:0\u001b[0m"},"type":"ws_msg"}
{"payload":{"local_timestamp":1678619838530,"stderr":true,"stdout":"\n"},"type":"ws_msg"}
{"payload":{"local_timestamp":1678619838571,"stderr":true,"stdout":"\u001b[34m\u001b[1mtrain: \u001b[0mWARNING  C:\\Users\\S12\\Desktop\\Yolov5Learn\\yolov5\\det_mask\\images\\train\\11.jpg: ignoring corrupt image/label: could not create decoder object\n\u001b[34m\u001b[1mtrain: \u001b[0mWARNING  C:\\Users\\S12\\Desktop\\Yolov5Learn\\yolov5\\det_mask\\images\\train\\22.jpg: ignoring corrupt image/label: could not create decoder object\n\u001b[34m\u001b[1mtrain: \u001b[0mWARNING  C:\\Users\\S12\\Desktop\\Yolov5Learn\\yolov5\\det_mask\\images\\train\\33.jpg: ignoring corrupt image/label: could not create decoder object\n\u001b[34m\u001b[1mtrain: \u001b[0mWARNING  C:\\Users\\S12\\Desktop\\Yolov5Learn\\yolov5\\det_mask\\images\\train\\44.jpg: ignoring corrupt image/label: could not create decoder object\n"},"type":"ws_msg"}
{"payload":{"local_timestamp":1678619838574,"stderr":true,"stdout":"\u001b[34m\u001b[1mtrain: \u001b[0mNew cache created: C:\\Users\\S12\\Desktop\\Yolov5Learn\\yolov5\\det_mask\\labels\\train.cache\n"},"type":"ws_msg"}
{"payload":{"local_timestamp":1678619838728,"stderr":true,"stdout":"\r\u001b[34m\u001b[1mval: \u001b[0mScanning C:\\Users\\S12\\Desktop\\Yolov5Learn\\yolov5\\det_mask\\labels\\val...:   0%|          | 0/11 [00:00<?, ?it/s]\u001b[0m"},"type":"ws_msg"}
{"payload":{"local_timestamp":1678619842822,"stderr":true,"stdout":"\r\u001b[34m\u001b[1mval: \u001b[0mScanning C:\\Users\\S12\\Desktop\\Yolov5Learn\\yolov5\\det_mask\\labels\\val... 1 images, 0 backgrounds, 0 corrupt:   9%|\u2589         | 1/11 [00:04<00:40,  4\u001b[0m"},"type":"ws_msg"}
{"payload":{"local_timestamp":1678619842906,"stderr":true,"stdout":"\r\u001b[34m\u001b[1mval: \u001b[0mScanning C:\\Users\\S12\\Desktop\\Yolov5Learn\\yolov5\\det_mask\\labels\\val... 7 images, 0 backgrounds, 4 corrupt: 100%|\u2588\u2588\u2588\u2588\u2588\u2588\u2588\u2588\u2588\u2588| 11/11 [00:04<00:00,  \u001b[0m"},"type":"ws_msg"}
{"payload":{"local_timestamp":1678619842907,"stderr":true,"stdout":"\n"},"type":"ws_msg"}
{"payload":{"local_timestamp":1678619842950,"stderr":true,"stdout":"\u001b[34m\u001b[1mval: \u001b[0mWARNING  C:\\Users\\S12\\Desktop\\Yolov5Learn\\yolov5\\det_mask\\images\\val\\11.jpg: ignoring corrupt image/label: could not create decoder object\n\u001b[34m\u001b[1mval: \u001b[0mWARNING  C:\\Users\\S12\\Desktop\\Yolov5Learn\\yolov5\\det_mask\\images\\val\\22.jpg: ignoring corrupt image/label: could not create decoder object\n\u001b[34m\u001b[1mval: \u001b[0mWARNING  C:\\Users\\S12\\Desktop\\Yolov5Learn\\yolov5\\det_mask\\images\\val\\33.jpg: ignoring corrupt image/label: could not create decoder object\n\u001b[34m\u001b[1mval: \u001b[0mWARNING  C:\\Users\\S12\\Desktop\\Yolov5Learn\\yolov5\\det_mask\\images\\val\\44.jpg: ignoring corrupt image/label: could not create decoder object\n"},"type":"ws_msg"}
{"payload":{"local_timestamp":1678619842953,"stderr":true,"stdout":"\u001b[34m\u001b[1mval: \u001b[0mNew cache created: C:\\Users\\S12\\Desktop\\Yolov5Learn\\yolov5\\det_mask\\labels\\val.cache\n"},"type":"ws_msg"}
{"payload":{"local_timestamp":1678619843155,"stderr":true,"stdout":"\n\u001b[34m\u001b[1mAutoAnchor: \u001b[0m5.07 anchors/target, 1.000 Best Possible Recall (BPR). Current anchors are a good fit to dataset \n"},"type":"ws_msg"}
{"payload":{"local_timestamp":1678619843162,"stderr":true,"stdout":"Plotting labels to runs\\train\\exp4\\labels.jpg... \n"},"type":"ws_msg"}
{"payload":{"additional_params":{"assetId":"0a4e355de1c64dd289c607ba36c87112","context":null,"extension":"jpg","fileName":"labels.jpg","overwrite":false,"runId":null,"step":null},"clean":true,"file_path":"tmp6396x4fz","local_timestamp":1678619845293,"metadata":{},"upload_type":"asset"},"type":"file_upload"}
{"payload":{"additional_params":{"assetId":"07373741f76a43d6869c7515e77e6907","context":null,"extension":"jpg","fileName":"labels_correlogram.jpg","overwrite":false,"runId":null,"step":null},"clean":true,"file_path":"tmpmy3k0ebt","local_timestamp":1678619845294,"metadata":{},"upload_type":"asset"},"type":"file_upload"}
{"payload":{"local_timestamp":1678619845297,"param":{"paramName":"cls","paramValue":0.012500000000000002,"source":"manual","step":null}},"type":"parameter_msg"}
{"payload":{"local_timestamp":1678619845297,"stderr":true,"stdout":"Image sizes 640 train, 640 val\nUsing 2 dataloader workers\nLogging results to \u001b[1mruns\\train\\exp4\u001b[0m\nStarting training for 100 epochs...\n"},"type":"ws_msg"}
{"payload":{"local_timestamp":1678619845299,"stderr":true,"stdout":"\n      Epoch    GPU_mem   box_loss   obj_loss   cls_loss  Instances       Size\n"},"type":"ws_msg"}
{"payload":{"local_timestamp":1678619845299,"stderr":true,"stdout":"\r  0%|          | 0/4 [00:00<?, ?it/s]"},"type":"ws_msg"}
{"payload":{"local_timestamp":1678619846361,"stderr":true,"stdout":"\r       0/99      0.48G     0.1274    0.03064     0.0296          5        640:   0%|          | 0/4 [00:01<?, ?it/s]"},"type":"ws_msg"}
{"payload":{"local_timestamp":1678619847810,"stderr":true,"stdout":"\r       0/99      0.48G     0.1274    0.03064     0.0296          5        640:  25%|\u2588\u2588\u258c       | 1/4 [00:02<00:07,  2.49s/it]"},"type":"ws_msg"}
{"payload":{"local_timestamp":1678619847916,"stderr":true,"stdout":"\r       0/99     0.508G     0.1257     0.0329    0.03094          6        640:  25%|\u2588\u2588\u258c       | 1/4 [00:02<00:07,  2.49s/it]"},"type":"ws_msg"}
{"payload":{"local_timestamp":1678619847917,"stderr":true,"stdout":"\r       0/99     0.508G     0.1257     0.0329    0.03094          6        640:  50%|\u2588\u2588\u2588\u2588\u2588     | 2/4 [00:02<00:02,  1.10s/it]"},"type":"ws_msg"}
{"payload":{"local_timestamp":1678619847975,"stderr":true,"stdout":"\r       0/99     0.508G     0.1252    0.03789    0.03027         17        640:  50%|\u2588\u2588\u2588\u2588\u2588     | 2/4 [00:02<00:02,  1.10s/it]"},"type":"ws_msg"}
{"payload":{"local_timestamp":1678619847976,"stderr":true,"stdout":"\r       0/99     0.508G     0.1252    0.03789    0.03027         17        640:  75%|\u2588\u2588\u2588\u2588\u2588\u2588\u2588\u258c  | 3/4 [00:02<00:00,  1.12it/s]"},"type":"ws_msg"}
{"payload":{"local_timestamp":1678619847976,"stderr":true,"stdout":"\n"},"type":"ws_msg"}
{"payload":{"local_timestamp":1678619847976,"stderr":true,"stdout":"Traceback (most recent call last):\n"},"type":"ws_msg"}
{"payload":{"local_timestamp":1678619847976,"stderr":true,"stdout":"  File \"train.py\", line 641, in <module>\n"},"type":"ws_msg"}
{"payload":{"local_timestamp":1678619847976,"stderr":true,"stdout":"    "},"type":"ws_msg"}
{"payload":{"local_timestamp":1678619847976,"stderr":true,"stdout":"main(opt)"},"type":"ws_msg"}
{"payload":{"local_timestamp":1678619847977,"stderr":true,"stdout":"\n"},"type":"ws_msg"}
{"payload":{"local_timestamp":1678619847977,"stderr":true,"stdout":"  File \"train.py\", line 530, in main\n"},"type":"ws_msg"}
{"payload":{"local_timestamp":1678619847977,"stderr":true,"stdout":"    "},"type":"ws_msg"}
{"payload":{"local_timestamp":1678619847977,"stderr":true,"stdout":"train(opt.hyp, opt, device, callbacks)"},"type":"ws_msg"}
{"payload":{"local_timestamp":1678619847977,"stderr":true,"stdout":"\n"},"type":"ws_msg"}
{"payload":{"local_timestamp":1678619847977,"stderr":true,"stdout":"  File \"train.py\", line 285, in train\n"},"type":"ws_msg"}
{"payload":{"local_timestamp":1678619847977,"stderr":true,"stdout":"    "},"type":"ws_msg"}
{"payload":{"local_timestamp":1678619847977,"stderr":true,"stdout":"for i, (imgs, targets, paths, _) in pbar:  # batch -------------------------------------------------------------"},"type":"ws_msg"}
{"payload":{"local_timestamp":1678619847977,"stderr":true,"stdout":"\n"},"type":"ws_msg"}
{"payload":{"local_timestamp":1678619847977,"stderr":true,"stdout":"  File \"D:\\Anaconda3\\envs\\yolov5_test\\lib\\site-packages\\tqdm\\std.py\", line 1178, in __iter__\n"},"type":"ws_msg"}
{"payload":{"local_timestamp":1678619847978,"stderr":true,"stdout":"    "},"type":"ws_msg"}
{"payload":{"local_timestamp":1678619847978,"stderr":true,"stdout":"for obj in iterable:"},"type":"ws_msg"}
{"payload":{"local_timestamp":1678619847978,"stderr":true,"stdout":"\n"},"type":"ws_msg"}
{"payload":{"local_timestamp":1678619847978,"stderr":true,"stdout":"  File \"C:\\Users\\S12\\Desktop\\Yolov5Learn\\yolov5\\utils\\dataloaders.py\", line 172, in __iter__\n"},"type":"ws_msg"}
{"payload":{"local_timestamp":1678619847978,"stderr":true,"stdout":"    "},"type":"ws_msg"}
{"payload":{"local_timestamp":1678619847978,"stderr":true,"stdout":"yield next(self.iterator)"},"type":"ws_msg"}
{"payload":{"local_timestamp":1678619847978,"stderr":true,"stdout":"\n"},"type":"ws_msg"}
{"payload":{"local_timestamp":1678619847978,"stderr":true,"stdout":"  File \"D:\\Anaconda3\\envs\\yolov5_test\\lib\\site-packages\\torch\\utils\\data\\dataloader.py\", line 681, in __next__\n"},"type":"ws_msg"}
{"payload":{"local_timestamp":1678619847979,"stderr":true,"stdout":"    "},"type":"ws_msg"}
{"payload":{"local_timestamp":1678619847979,"stderr":true,"stdout":"data = self._next_data()"},"type":"ws_msg"}
{"payload":{"local_timestamp":1678619847979,"stderr":true,"stdout":"\n"},"type":"ws_msg"}
{"payload":{"local_timestamp":1678619847979,"stderr":true,"stdout":"  File \"D:\\Anaconda3\\envs\\yolov5_test\\lib\\site-packages\\torch\\utils\\data\\dataloader.py\", line 1356, in _next_data\n"},"type":"ws_msg"}
{"payload":{"local_timestamp":1678619847979,"stderr":true,"stdout":"    "},"type":"ws_msg"}
{"payload":{"local_timestamp":1678619847979,"stderr":true,"stdout":"return self._process_data(data)"},"type":"ws_msg"}
{"payload":{"local_timestamp":1678619847979,"stderr":true,"stdout":"\n"},"type":"ws_msg"}
{"payload":{"local_timestamp":1678619847979,"stderr":true,"stdout":"  File \"D:\\Anaconda3\\envs\\yolov5_test\\lib\\site-packages\\torch\\utils\\data\\dataloader.py\", line 1402, in _process_data\n"},"type":"ws_msg"}
{"payload":{"local_timestamp":1678619847980,"stderr":true,"stdout":"    "},"type":"ws_msg"}
{"payload":{"local_timestamp":1678619847980,"stderr":true,"stdout":"data.reraise()"},"type":"ws_msg"}
{"payload":{"local_timestamp":1678619847980,"stderr":true,"stdout":"\n"},"type":"ws_msg"}
{"payload":{"local_timestamp":1678619847980,"stderr":true,"stdout":"  File \"D:\\Anaconda3\\envs\\yolov5_test\\lib\\site-packages\\torch\\_utils.py\", line 461, in reraise\n"},"type":"ws_msg"}
{"payload":{"local_timestamp":1678619847980,"stderr":true,"stdout":"    "},"type":"ws_msg"}
{"payload":{"local_timestamp":1678619847980,"stderr":true,"stdout":"raise exception"},"type":"ws_msg"}
{"payload":{"local_timestamp":1678619847981,"stderr":true,"stdout":"\n"},"type":"ws_msg"}
{"payload":{"local_timestamp":1678619847981,"stderr":true,"stdout":"cv2"},"type":"ws_msg"}
{"payload":{"local_timestamp":1678619847981,"stderr":true,"stdout":"."},"type":"ws_msg"}
{"payload":{"local_timestamp":1678619847981,"stderr":true,"stdout":"error"},"type":"ws_msg"}
{"payload":{"local_timestamp":1678619847981,"stderr":true,"stdout":": "},"type":"ws_msg"}
{"payload":{"local_timestamp":1678619847981,"stderr":true,"stdout":"Caught error in DataLoader worker process 1.\nOriginal Traceback (most recent call last):\n  File \"D:\\Anaconda3\\envs\\yolov5_test\\lib\\site-packages\\torch\\utils\\data\\_utils\\worker.py\", line 302, in _worker_loop\n    data = fetcher.fetch(index)\n  File \"D:\\Anaconda3\\envs\\yolov5_test\\lib\\site-packages\\torch\\utils\\data\\_utils\\fetch.py\", line 49, in fetch\n    data = [self.dataset[idx] for idx in possibly_batched_index]\n  File \"D:\\Anaconda3\\envs\\yolov5_test\\lib\\site-packages\\torch\\utils\\data\\_utils\\fetch.py\", line 49, in <listcomp>\n    data = [self.dataset[idx] for idx in possibly_batched_index]\n  File \"C:\\Users\\S12\\Desktop\\Yolov5Learn\\yolov5\\utils\\dataloaders.py\", line 660, in __getitem__\n    img, labels = self.load_mosaic(index)\n  File \"C:\\Users\\S12\\Desktop\\Yolov5Learn\\yolov5\\utils\\dataloaders.py\", line 759, in load_mosaic\n    img, _, (h, w) = self.load_image(index)\n  File \"C:\\Users\\S12\\Desktop\\Yolov5Learn\\yolov5\\utils\\dataloaders.py\", line 734, in load_image\n    im = cv2.imread(f)  # BGR\n  File \"C:\\Users\\S12\\Desktop\\Yolov5Learn\\yolov5\\utils\\general.py\", line 1123, in imread\n    return cv2.imdecode(np.fromfile(path, np.uint8), flags)\ncv2.error: OpenCV(4.7.0) D:\\a\\opencv-python\\opencv-python\\opencv\\modules\\core\\src\\alloc.cpp:73: error: (-4:Insufficient memory) Failed to allocate 41696640 bytes in function 'cv::OutOfMemoryError'\n\n"},"type":"ws_msg"}
{"payload":{"local_timestamp":1678619847981,"stderr":true,"stdout":"\n"},"type":"ws_msg"}
{"payload":{"local_timestamp":1678619847982,"stderr":true,"stdout":"COMET INFO: ---------------------------------------------------------------------------------------\n"},"type":"ws_msg"}
{"payload":{"local_timestamp":1678619847982,"stderr":true,"stdout":"COMET INFO: Comet.ml OfflineExperiment Summary\n"},"type":"ws_msg"}
{"payload":{"local_timestamp":1678619847982,"stderr":true,"stdout":"COMET INFO: ---------------------------------------------------------------------------------------\n"},"type":"ws_msg"}
{"payload":{"local_timestamp":1678619847982,"stderr":true,"stdout":"COMET INFO:   Data:\n"},"type":"ws_msg"}
{"payload":{"local_timestamp":1678619847982,"stderr":true,"stdout":"COMET INFO:     display_summary_level : 1\n"},"type":"ws_msg"}
{"payload":{"local_timestamp":1678619847982,"stderr":true,"stdout":"COMET INFO:     url                   : [OfflineExperiment will get URL after upload]\n"},"type":"ws_msg"}
{"payload":{"local_timestamp":1678619847982,"stderr":true,"stdout":"COMET INFO:   Others:\n"},"type":"ws_msg"}
{"payload":{"local_timestamp":1678619847982,"stderr":true,"stdout":"COMET INFO:     Created from                : YOLOv5\n"},"type":"ws_msg"}
{"payload":{"local_timestamp":1678619847982,"stderr":true,"stdout":"COMET INFO:     comet_log_batch_metrics     : False\n"},"type":"ws_msg"}
{"payload":{"local_timestamp":1678619847982,"stderr":true,"stdout":"COMET INFO:     comet_log_confusion_matrix  : True\n"},"type":"ws_msg"}
{"payload":{"local_timestamp":1678619847983,"stderr":true,"stdout":"COMET INFO:     comet_log_per_class_metrics : False\n"},"type":"ws_msg"}
{"payload":{"local_timestamp":1678619847983,"stderr":true,"stdout":"COMET INFO:     comet_max_image_uploads     : 100\n"},"type":"ws_msg"}
{"payload":{"local_timestamp":1678619847983,"stderr":true,"stdout":"COMET INFO:     comet_mode                  : online\n"},"type":"ws_msg"}
{"payload":{"local_timestamp":1678619847983,"stderr":true,"stdout":"COMET INFO:     comet_model_name            : yolov5\n"},"type":"ws_msg"}
{"payload":{"local_timestamp":1678619847983,"stderr":true,"stdout":"COMET INFO:     offline_experiment          : True\n"},"type":"ws_msg"}
{"payload":{"local_timestamp":1678619847983,"stderr":true,"stdout":"COMET INFO:   Parameters:\n"},"type":"ws_msg"}
{"payload":{"local_timestamp":1678619847983,"stderr":true,"stdout":"COMET INFO:     anchor_t           : 4.0\n"},"type":"ws_msg"}
{"payload":{"local_timestamp":1678619847983,"stderr":true,"stdout":"COMET INFO:     artifact_alias     : latest\n"},"type":"ws_msg"}
{"payload":{"local_timestamp":1678619847983,"stderr":true,"stdout":"COMET INFO:     batch_size         : 2\n"},"type":"ws_msg"}
{"payload":{"local_timestamp":1678619847983,"stderr":true,"stdout":"COMET INFO:     bbox_interval      : -1\n"},"type":"ws_msg"}
{"payload":{"local_timestamp":1678619847984,"stderr":true,"stdout":"COMET INFO:     box                : 0.05\n"},"type":"ws_msg"}
{"payload":{"local_timestamp":1678619847984,"stderr":true,"stdout":"COMET INFO:     bucket             : \n"},"type":"ws_msg"}
{"payload":{"local_timestamp":1678619847984,"stderr":true,"stdout":"COMET INFO:     cache              : 1\n"},"type":"ws_msg"}
{"payload":{"local_timestamp":1678619847984,"stderr":true,"stdout":"COMET INFO:     cls                : 0.012500000000000002\n"},"type":"ws_msg"}
{"payload":{"local_timestamp":1678619847984,"stderr":true,"stdout":"COMET INFO:     cls_pw             : 1.0\n"},"type":"ws_msg"}
{"payload":{"local_timestamp":1678619847984,"stderr":true,"stdout":"COMET INFO:     copy_paste         : 0.0\n"},"type":"ws_msg"}
{"payload":{"local_timestamp":1678619847984,"stderr":true,"stdout":"COMET INFO:     cos_lr             : False\n"},"type":"ws_msg"}
{"payload":{"local_timestamp":1678619847984,"stderr":true,"stdout":"COMET INFO:     degrees            : 0.0\n"},"type":"ws_msg"}
{"payload":{"local_timestamp":1678619847984,"stderr":true,"stdout":"COMET INFO:     entity             : 1\n"},"type":"ws_msg"}
{"payload":{"local_timestamp":1678619847984,"stderr":true,"stdout":"COMET INFO:     epochs             : 100\n"},"type":"ws_msg"}
{"payload":{"local_timestamp":1678619847985,"stderr":true,"stdout":"COMET INFO:     evolve             : 1\n"},"type":"ws_msg"}
{"payload":{"local_timestamp":1678619847985,"stderr":true,"stdout":"COMET INFO:     exist_ok           : False\n"},"type":"ws_msg"}
{"payload":{"local_timestamp":1678619847985,"stderr":true,"stdout":"COMET INFO:     fl_gamma           : 0.0\n"},"type":"ws_msg"}
{"payload":{"local_timestamp":1678619847985,"stderr":true,"stdout":"COMET INFO:     fliplr             : 0.5\n"},"type":"ws_msg"}
{"payload":{"local_timestamp":1678619847985,"stderr":true,"stdout":"COMET INFO:     flipud             : 0.0\n"},"type":"ws_msg"}
{"payload":{"local_timestamp":1678619847985,"stderr":true,"stdout":"COMET INFO:     freeze             : [0]\n"},"type":"ws_msg"}
{"payload":{"local_timestamp":1678619847986,"stderr":true,"stdout":"COMET INFO:     hsv_h              : 0.015\n"},"type":"ws_msg"}
{"payload":{"local_timestamp":1678619847986,"stderr":true,"stdout":"COMET INFO:     hsv_s              : 0.7\n"},"type":"ws_msg"}
{"payload":{"local_timestamp":1678619847986,"stderr":true,"stdout":"COMET INFO:     hsv_v              : 0.4\n"},"type":"ws_msg"}
{"payload":{"local_timestamp":1678619847987,"stderr":true,"stdout":"COMET INFO:     hyp                : {\"anchor_t\": 4.0, \"box\": 0.05, \"cls\": 0.5, \"cls_pw\": 1.0, \"copy_paste\": 0.0, \"degrees\": 0.0, \"fl_gamma\": 0.0, \"fliplr\": 0.5, \"flipud\": 0.0, \"hsv_h\": 0.015, \"hsv_s\": 0.7, \"hsv_v\": 0.4, \"iou_t\": 0.2, \"lr0\": 0.01, \"lrf\": 0.01, \"mixup\": 0.0, \"momentum\": 0.937, \"mosaic\": 1.0, \"obj\": 1.0, \"obj_pw\": 1.0, \"perspective\": 0.0, \"scale\": 0.5, \"shear\": 0.0, \"translate\": 0.1, \"warmup_bias_lr\": 0.1, \"warmup_epochs\": 3.0, \"warmup_momentum\": 0.8, \"weight_decay\": 0.0005}\n"},"type":"ws_msg"}
{"payload":{"local_timestamp":1678619847987,"stderr":true,"stdout":"COMET INFO:     image_weights      : False\n"},"type":"ws_msg"}
{"payload":{"local_timestamp":1678619847987,"stderr":true,"stdout":"COMET INFO:     imgsz              : 640\n"},"type":"ws_msg"}
{"payload":{"local_timestamp":1678619847987,"stderr":true,"stdout":"COMET INFO:     iou_t              : 0.2\n"},"type":"ws_msg"}
{"payload":{"local_timestamp":1678619847988,"stderr":true,"stdout":"COMET INFO:     label_smoothing    : 0.0\n"},"type":"ws_msg"}
{"payload":{"local_timestamp":1678619847988,"stderr":true,"stdout":"COMET INFO:     local_rank         : -1\n"},"type":"ws_msg"}
{"payload":{"local_timestamp":1678619847988,"stderr":true,"stdout":"COMET INFO:     lr0                : 0.01\n"},"type":"ws_msg"}
{"payload":{"local_timestamp":1678619847988,"stderr":true,"stdout":"COMET INFO:     lrf                : 0.01\n"},"type":"ws_msg"}
{"payload":{"local_timestamp":1678619847988,"stderr":true,"stdout":"COMET INFO:     mixup              : 0.0\n"},"type":"ws_msg"}
{"payload":{"local_timestamp":1678619847988,"stderr":true,"stdout":"COMET INFO:     momentum           : 0.937\n"},"type":"ws_msg"}
{"payload":{"local_timestamp":1678619847988,"stderr":true,"stdout":"COMET INFO:     mosaic             : 1.0\n"},"type":"ws_msg"}
{"payload":{"local_timestamp":1678619847988,"stderr":true,"stdout":"COMET INFO:     multi_scale        : False\n"},"type":"ws_msg"}
{"payload":{"local_timestamp":1678619847988,"stderr":true,"stdout":"COMET INFO:     name               : exp\n"},"type":"ws_msg"}
{"payload":{"local_timestamp":1678619847989,"stderr":true,"stdout":"COMET INFO:     noautoanchor       : False\n"},"type":"ws_msg"}
{"payload":{"local_timestamp":1678619847989,"stderr":true,"stdout":"COMET INFO:     noplots            : False\n"},"type":"ws_msg"}
{"payload":{"local_timestamp":1678619847989,"stderr":true,"stdout":"COMET INFO:     nosave             : False\n"},"type":"ws_msg"}
{"payload":{"local_timestamp":1678619847989,"stderr":true,"stdout":"COMET INFO:     noval              : False\n"},"type":"ws_msg"}
{"payload":{"local_timestamp":1678619847989,"stderr":true,"stdout":"COMET INFO:     obj                : 1.0\n"},"type":"ws_msg"}
{"payload":{"local_timestamp":1678619847989,"stderr":true,"stdout":"COMET INFO:     obj_pw             : 1.0\n"},"type":"ws_msg"}
{"payload":{"local_timestamp":1678619847989,"stderr":true,"stdout":"COMET INFO:     optimizer          : SGD\n"},"type":"ws_msg"}
{"payload":{"local_timestamp":1678619847989,"stderr":true,"stdout":"COMET INFO:     patience           : 100\n"},"type":"ws_msg"}
{"payload":{"local_timestamp":1678619847989,"stderr":true,"stdout":"COMET INFO:     perspective        : 0.0\n"},"type":"ws_msg"}
{"payload":{"local_timestamp":1678619847989,"stderr":true,"stdout":"COMET INFO:     project            : runs\\train\n"},"type":"ws_msg"}
{"payload":{"local_timestamp":1678619847989,"stderr":true,"stdout":"COMET INFO:     quad               : False\n"},"type":"ws_msg"}
{"payload":{"local_timestamp":1678619847989,"stderr":true,"stdout":"COMET INFO:     rect               : False\n"},"type":"ws_msg"}
{"payload":{"local_timestamp":1678619847989,"stderr":true,"stdout":"COMET INFO:     resume             : False\n"},"type":"ws_msg"}
{"payload":{"local_timestamp":1678619847989,"stderr":true,"stdout":"COMET INFO:     save_dir           : runs\\train\\exp4\n"},"type":"ws_msg"}
{"payload":{"local_timestamp":1678619847989,"stderr":true,"stdout":"COMET INFO:     save_period        : -1\n"},"type":"ws_msg"}
{"payload":{"local_timestamp":1678619847990,"stderr":true,"stdout":"COMET INFO:     scale              : 0.5\n"},"type":"ws_msg"}
{"payload":{"local_timestamp":1678619847990,"stderr":true,"stdout":"COMET INFO:     seed               : 0\n"},"type":"ws_msg"}
{"payload":{"local_timestamp":1678619847990,"stderr":true,"stdout":"COMET INFO:     shear              : 0.0\n"},"type":"ws_msg"}
{"payload":{"local_timestamp":1678619847990,"stderr":true,"stdout":"COMET INFO:     single_cls         : False\n"},"type":"ws_msg"}
{"payload":{"local_timestamp":1678619847990,"stderr":true,"stdout":"COMET INFO:     sync_bn            : False\n"},"type":"ws_msg"}
{"payload":{"local_timestamp":1678619847990,"stderr":true,"stdout":"COMET INFO:     translate          : 0.1\n"},"type":"ws_msg"}
{"payload":{"local_timestamp":1678619847990,"stderr":true,"stdout":"COMET INFO:     upload_dataset     : False\n"},"type":"ws_msg"}
{"payload":{"local_timestamp":1678619847990,"stderr":true,"stdout":"COMET INFO:     val_conf_threshold : 0.001\n"},"type":"ws_msg"}
{"payload":{"local_timestamp":1678619847990,"stderr":true,"stdout":"COMET INFO:     val_iou_threshold  : 0.6\n"},"type":"ws_msg"}
{"payload":{"local_timestamp":1678619847990,"stderr":true,"stdout":"COMET INFO:     warmup_bias_lr     : 0.1\n"},"type":"ws_msg"}
{"payload":{"local_timestamp":1678619847990,"stderr":true,"stdout":"COMET INFO:     warmup_epochs      : 3.0\n"},"type":"ws_msg"}
{"payload":{"local_timestamp":1678619847990,"stderr":true,"stdout":"COMET INFO:     warmup_momentum    : 0.8\n"},"type":"ws_msg"}
{"payload":{"local_timestamp":1678619847990,"stderr":true,"stdout":"COMET INFO:     weight_decay       : 0.0005\n"},"type":"ws_msg"}
{"payload":{"local_timestamp":1678619847990,"stderr":true,"stdout":"COMET INFO:     workers            : 8\n"},"type":"ws_msg"}
{"payload":{"local_timestamp":1678619847990,"stderr":true,"stdout":"COMET INFO:   Uploads:\n"},"type":"ws_msg"}
{"payload":{"local_timestamp":1678619847991,"stderr":true,"stdout":"COMET INFO:     asset                        : 5 (244.79 KB)\n"},"type":"ws_msg"}
{"payload":{"local_timestamp":1678619847991,"stderr":true,"stdout":"COMET INFO:     conda-environment-definition : 1\n"},"type":"ws_msg"}
{"payload":{"local_timestamp":1678619847991,"stderr":true,"stdout":"COMET INFO:     conda-info                   : 1\n"},"type":"ws_msg"}
{"payload":{"local_timestamp":1678619847991,"stderr":true,"stdout":"COMET INFO:     conda-specification          : 1\n"},"type":"ws_msg"}
{"payload":{"local_timestamp":1678619847991,"stderr":true,"stdout":"COMET INFO:     environment details          : 1\n"},"type":"ws_msg"}
{"payload":{"local_timestamp":1678619847991,"stderr":true,"stdout":"COMET INFO:     installed packages           : 1\n"},"type":"ws_msg"}
{"payload":{"local_timestamp":1678619847991,"stderr":true,"stdout":"COMET INFO: \n"},"type":"ws_msg"}
{"payload":{"local_timestamp":1678619847991,"stderr":true,"stdout":"COMET WARNING: Experiment Name is generated at upload time for Offline Experiments unless set explicitly with Experiment.set_name\n"},"type":"ws_msg"}
{"payload":{"local_timestamp":1678619847991,"stderr":true,"stdout":"COMET WARNING: Comet has disabled auto-logging functionality as it has been imported after the following ML modules: torch, tensorboard. Metrics and hyperparameters can still be logged using Experiment.log_metrics() and Experiment.log_parameters()\n"},"type":"ws_msg"}
{"payload":{"local_timestamp":1678619847991,"log_other":{"key":"sys.already_imported_modules","val":"[\"torch\", \"tensorboard\"]"}},"type":"ws_msg"}
